Images,Text,,,,,,,,,,,,,
P4623.jpg,5% dns,,,,,,,,,,,,,
P4650.jpg,5% dns,,,,,,,,,,,,,
P4704.jpg,5% dns,,,,,,,,,,,,,
P4730.jpg,5% dns,,,,,,,,,,,,,
P4755.jpg,5% dns,,,,,,,,,,,,,
P4781.jpg,5% dns,,,,,,,,,,,,,
P4914.jpg,5% dns,,,,,,,,,,,,,
P4959.jpg,5% dns,,,,,,,,,,,,,
P5108.jpg,5% dns,,,,,,,,,,,,,
P1942.jpg,Aaxius,,,,,,,,,,,,,
P3225.jpg,Abasaglar,,,,,,,,,,,,,
P4274.jpg,Abasaglar,,,,,,,,,,,,,
P4547.jpg,abasaglar,,,,,,,,,,,,,
P4596.jpg,abasaglar,,,,,,,,,,,,,
P0309.jpg,Abicon,,,,,,,,,,,,,
P5065.jpg,abicon max,,,,,,,,,,,,,
P0903.jpg,AC PR,,,,,,,,,,,,,
P2821.jpg,Ace,,,,,,,,,,,,,
P3031.jpg,Ace,,,,,,,,,,,,,
P3911.jpg,Ace,,,,,,,,,,,,,
P4043.jpg,Ace,,,,,,,,,,,,,
P2614.jpg,Ace Power,,,,,,,,,,,,,
P3178.jpg,Ace power,,,,,,,,,,,,,
P2822.jpg,Ace XR,,,,,,,,,,,,,
P4180.jpg,Acemox,,,,,,,,,,,,,
P0735.jpg,acliz plus,,,,,,,,,,,,,
P0744.jpg,acliz plus,,,,,,,,,,,,,
P0836.jpg,Acliz Plus,,,,,,,,,,,,,
P0941.jpg,Acliz Plus,,,,,,,,,,,,,
P1654.jpg,Acliz Plus,,,,,,,,,,,,,
P5025.jpg,acron,,,,,,,,,,,,,
P2415.jpg,Actilac,,,,,,,,,,,,,
P2598.jpg,Actilac,,,,,,,,,,,,,
P2715.jpg,Actilac,,,,,,,,,,,,,
P5396.jpg,actilac,,,,,,,,,,,,,
P1329.jpg,Actrafid,,,,,,,,,,,,,
P1354.jpg,Actrafid,,,,,,,,,,,,,
P1548.jpg,Actrafid,,,,,,,,,,,,,
P2015.jpg,Actrafid,,,,,,,,,,,,,
P2846.jpg,Actrapid,,,,,,,,,,,,,
P3224.jpg,Actrapid,,,,,,,,,,,,,
P3382.jpg,Actrapid,,,,,,,,,,,,,
P3409.jpg,Actrapid,,,,,,,,,,,,,
P3416.jpg,Actrapid,,,,,,,,,,,,,
P3418.jpg,Actrapid,,,,,,,,,,,,,
P3422.jpg,Actrapid,,,,,,,,,,,,,
P3432.jpg,Actrapid,,,,,,,,,,,,,
P3499.jpg,Actrapid,,,,,,,,,,,,,
P3518.jpg,Actrapid,,,,,,,,,,,,,
P3543.jpg,Actrapid,,,,,,,,,,,,,
P4273.jpg,Actrapid,,,,,,,,,,,,,
P4496.jpg,actrapid,,,,,,,,,,,,,
P4545.jpg,actrapid,,,,,,,,,,,,,
P4595.jpg,actrapid,,,,,,,,,,,,,
P0462.jpg,Adora,,,,,,,,,,,,,
P0265.jpg,Adovas,,,,,,,,,,,,,
P0532.jpg,Adovas,,,,,,,,,,,,,
P3177.jpg,Alcet,,,,,,,,,,,,,
P4782.jpg,aeropen,,,,,,,,,,,,,
P2436.jpg,Afix,,,,,,,,,,,,,
P5232.jpg,afix,,,,,,,,,,,,,
P5304.jpg,afix,,,,,,,,,,,,,
P5421.jpg,afix,,,,,,,,,,,,,
P2418.jpg,A-Flux,,,,,,,,,,,,,
P2654.jpg,A-flux,,,,,,,,,,,,,
P4260.jpg,Afrin,,,,,,,,,,,,,
P0783.jpg,A-fun,,,,,,,,,,,,,
P0530.jpg,Airmont,,,,,,,,,,,,,
P1189.jpg,Aislof max,,,,,,,,,,,,,
P5051.jpg,alafix,,,,,,,,,,,,,
P5053.jpg,alafix,,,,,,,,,,,,,
P5327.jpg,alafix,,,,,,,,,,,,,
P5331.jpg,alafix,,,,,,,,,,,,,
P5351.jpg,alafix,,,,,,,,,,,,,
P5355.jpg,alafix,,,,,,,,,,,,,
P5501.jpg,alafix,,,,,,,,,,,,,
P5550.jpg,alafix,,,,,,,,,,,,,
P5553.jpg,alafix,,,,,,,,,,,,,
P5562.jpg,alafix,,,,,,,,,,,,,
P5567.jpg,alafix,,,,,,,,,,,,,
P5570.jpg,alafix,,,,,,,,,,,,,
P2457.jpg,Alanol,,,,,,,,,,,,,
P0467.jpg,Alatol,,,,,,,,,,,,,
P3152.jpg,Alatrof,,,,,,,,,,,,,
P4144.jpg,Alatrol,,,,,,,,,,,,,
P0352.jpg,Alben,,,,,,,,,,,,,
P3849.jpg,Albumin,,,,,,,,,,,,,
P4776.jpg,albutein,,,,,,,,,,,,,
P0298.jpg,Alc,,,,,,,,,,,,,
P2780.jpg,Alcef,,,,,,,,,,,,,
P3187.jpg,Alcef,,,,,,,,,,,,,
P3190.jpg,Alcef,,,,,,,,,,,,,
P0306.jpg,Alcet,,,,,,,,,,,,,
P0499.jpg,Alcet,,,,,,,,,,,,,
P2675.jpg,Alcet,,,,,,,,,,,,,
P2802.jpg,Alcet,,,,,,,,,,,,,
P3195.jpg,Alcet,,,,,,,,,,,,,
P3960.jpg,Alcet,,,,,,,,,,,,,
P3969.jpg,Alcet,,,,,,,,,,,,,
P4178.jpg,Alcet,,,,,,,,,,,,,
P4193.jpg,Alcet,,,,,,,,,,,,,
P4199.jpg,Alcet,,,,,,,,,,,,,
P4301.jpg,Alcet,,,,,,,,,,,,,
P5070.jpg,alcet,,,,,,,,,,,,,
P5079.jpg,alcet,,,,,,,,,,,,,
P2768.jpg,Alect,,,,,,,,,,,,,
P0685.jpg,Alfane,,,,,,,,,,,,,
P0719.jpg,Alfane,,,,,,,,,,,,,
P1414.jpg,Alfane,,,,,,,,,,,,,
P1416.jpg,Alfane,,,,,,,,,,,,,
P1422.jpg,Alfane,,,,,,,,,,,,,
P0272.jpg,Alfix,,,,,,,,,,,,,
P5311.jpg,algecal,,,,,,,,,,,,,
P2622.jpg,Algend,,,,,,,,,,,,,
P0014.jpg,Algin,,,,,,,,,,,,,
P0491.jpg,Algin,,,,,,,,,,,,,
P0504.jpg,Algin,,,,,,,,,,,,,
P0522.jpg,Algin,,,,,,,,,,,,,
P0857.jpg,Algin,,,,,,,,,,,,,
P0864.jpg,Algin,,,,,,,,,,,,,
P0897.jpg,Algin,,,,,,,,,,,,,
P0912.jpg,Algin,,,,,,,,,,,,,
P0927.jpg,Algin,,,,,,,,,,,,,
P0939.jpg,Algin,,,,,,,,,,,,,
P0954.jpg,Algin,,,,,,,,,,,,,
P0982.jpg,algin,,,,,,,,,,,,,
P1005.jpg,algin,,,,,,,,,,,,,
P1039.jpg,Algin,,,,,,,,,,,,,
P1058.jpg,algin,,,,,,,,,,,,,
P1060.jpg,algin,,,,,,,,,,,,,
P1178.jpg,Algin,,,,,,,,,,,,,
P1201.jpg,Algin,,,,,,,,,,,,,
P1259.jpg,Algin,,,,,,,,,,,,,
P1282.jpg,Algin,,,,,,,,,,,,,
P1343.jpg,Algin,,,,,,,,,,,,,
P1427.jpg,Algin,,,,,,,,,,,,,
P1485.jpg,Algin,,,,,,,,,,,,,
P1530.jpg,Algin,,,,,,,,,,,,,
P1645.jpg,Algin,,,,,,,,,,,,,
P1677.jpg,Algin,,,,,,,,,,,,,
P1834.jpg,Algin,,,,,,,,,,,,,
P1929.jpg,Algin,,,,,,,,,,,,,
P1948.jpg,Algin,,,,,,,,,,,,,
P1975.jpg,Algin,,,,,,,,,,,,,
P2004.jpg,Algin,,,,,,,,,,,,,
P2027.jpg,Algin,,,,,,,,,,,,,
P2074.jpg,Algin,,,,,,,,,,,,,
P2081.jpg,Algin,,,,,,,,,,,,,
P2094.jpg,Algin,,,,,,,,,,,,,
P2101.jpg,Algin,,,,,,,,,,,,,
P2212.jpg,Algin,,,,,,,,,,,,,
P2261.jpg,Algin,,,,,,,,,,,,,
P2271.jpg,Algin,,,,,,,,,,,,,
P2279.jpg,Algin,,,,,,,,,,,,,
P2325.jpg,Algin,,,,,,,,,,,,,
P2540.jpg,Algin,,,,,,,,,,,,,
P2562.jpg,Algin,,,,,,,,,,,,,
P2664.jpg,Algin,,,,,,,,,,,,,
P2843.jpg,Algin,,,,,,,,,,,,,
P2850.jpg,Algin,,,,,,,,,,,,,
P2870.jpg,Algin,,,,,,,,,,,,,
P2908.jpg,Algin,,,,,,,,,,,,,
P2921.jpg,Algin,,,,,,,,,,,,,
P2937.jpg,Algin,,,,,,,,,,,,,
P2939.jpg,Algin,,,,,,,,,,,,,
P2951.jpg,Algin,,,,,,,,,,,,,
P2999.jpg,Algin,,,,,,,,,,,,,
P3018.jpg,Algin,,,,,,,,,,,,,
P3039.jpg,Algin,,,,,,,,,,,,,
P3045.jpg,Algin,,,,,,,,,,,,,
P3048.jpg,Algin,,,,,,,,,,,,,
P3075.jpg,Algin,,,,,,,,,,,,,
P3095.jpg,Algin,,,,,,,,,,,,,
P3268.jpg,Algin,,,,,,,,,,,,,
P3276.jpg,Algin,,,,,,,,,,,,,
P3377.jpg,Algin,,,,,,,,,,,,,
P3399.jpg,Algin,,,,,,,,,,,,,
P3408.jpg,Algin,,,,,,,,,,,,,
P3415.jpg,Algin,,,,,,,,,,,,,
P3419.jpg,Algin,,,,,,,,,,,,,
P3438.jpg,Algin,,,,,,,,,,,,,
P3461.jpg,Algin,,,,,,,,,,,,,
P3469.jpg,Algin,,,,,,,,,,,,,
P3474.jpg,Algin,,,,,,,,,,,,,
P3480.jpg,Algin,,,,,,,,,,,,,
P3638.jpg,Algin,,,,,,,,,,,,,
P3756.jpg,Algin,,,,,,,,,,,,,
P5032.jpg,algin,,,,,,,,,,,,,
P5105.jpg,algin,,,,,,,,,,,,,
P5212.jpg,algin,,,,,,,,,,,,,
P5489.jpg,algin,,,,,,,,,,,,,
P5493.jpg,algin,,,,,,,,,,,,,
P0859.jpg,Algin Plus,,,,,,,,,,,,,
P1719.jpg,Algin Sorg,,,,,,,,,,,,,
P5159.jpg,alix,,,,,,,,,,,,,
P1701.jpg,Allcaron,,,,,,,,,,,,,
P2910.jpg,Allyglot,,,,,,,,,,,,,
P2823.jpg,Almex tab,,,,,,,,,,,,,
P2119.jpg,Alolrol,,,,,,,,,,,,,
P0180.jpg,ALOS,,,,,,,,,,,,,
P4086.jpg,Alrin,,,,,,,,,,,,,
P0246.jpg,Ambrox,,,,,,,,,,,,,
P0439.jpg,Ambrox,,,,,,,,,,,,,
P2645.jpg,Ambrox,,,,,,,,,,,,,
P3344.jpg,Ambrox,,,,,,,,,,,,,
P3352.jpg,Ambrox,,,,,,,,,,,,,
P3402.jpg,Ambrox,,,,,,,,,,,,,
P5166.jpg,ambrox,,,,,,,,,,,,,
P5172.jpg,ambrox,,,,,,,,,,,,,
P0798.jpg,Ambroy,,,,,,,,,,,,,
P4999.jpg,amdocal,,,,,,,,,,,,,
P5014.jpg,amdocal,,,,,,,,,,,,,
P4995.jpg,amdoral,,,,,,,,,,,,,
P3720.jpg,Amikacin,,,,,,,,,,,,,
P3856.jpg,Amikacin,,,,,,,,,,,,,
P0507.jpg,Amilin,,,,,,,,,,,,,
P2969.jpg,Amilin,,,,,,,,,,,,,
P5089.jpg,amilin,,,,,,,,,,,,,
P0785.jpg,Amlip,,,,,,,,,,,,,
P1502.jpg,Amino Plm,,,,,,,,,,,,,
P3396.jpg,Aminosol,,,,,,,,,,,,,
P3404.jpg,Aminosol,,,,,,,,,,,,,
P3431.jpg,Aminosol,,,,,,,,,,,,,
P0830.jpg,Amitip,,,,,,,,,,,,,
P0851.jpg,Amitip,,,,,,,,,,,,,
P0876.jpg,Amitip,,,,,,,,,,,,,
P0891.jpg,Amitip,,,,,,,,,,,,,
P0907.jpg,Amitip,,,,,,,,,,,,,
P0920.jpg,Amitip,,,,,,,,,,,,,
P0950.jpg,Amitip,,,,,,,,,,,,,
P1627.jpg,Amitip,,,,,,,,,,,,,
P2225.jpg,Amitip,,,,,,,,,,,,,
P2231.jpg,Amitip,,,,,,,,,,,,,
P2496.jpg,Amitip,,,,,,,,,,,,,
P2866.jpg,Amitip,,,,,,,,,,,,,
P2878.jpg,Amitip,,,,,,,,,,,,,
P0737.jpg,Amlip,,,,,,,,,,,,,
P0753.jpg,Amlip,,,,,,,,,,,,,
P0601.jpg,Amlocal,,,,,,,,,,,,,
P2193.jpg,Amlrocaf,,,,,,,,,,,,,
P2824.jpg,Anadol,,,,,,,,,,,,,
P3008.jpg,Anadol,,,,,,,,,,,,,
P3253.jpg,Anadol,,,,,,,,,,,,,
P3280.jpg,Anadol,,,,,,,,,,,,,
P3363.jpg,Anadol,,,,,,,,,,,,,
P3365.jpg,Anadol,,,,,,,,,,,,,
P3368.jpg,Anadol,,,,,,,,,,,,,
P3372.jpg,Anadol,,,,,,,,,,,,,
P3427.jpg,Anadol,,,,,,,,,,,,,
P3492.jpg,Anadol,,,,,,,,,,,,,
P3495.jpg,Anadol,,,,,,,,,,,,,
P3526.jpg,Anadol,,,,,,,,,,,,,
P3549.jpg,Anadol,,,,,,,,,,,,,
P4549.jpg,anadol,,,,,,,,,,,,,
P5031.jpg,anadol,,,,,,,,,,,,,
P0605.jpg,Analac,,,,,,,,,,,,,
P3262.jpg,Anadol,,,,,,,,,,,,,
P0237.jpg,Ancor 5,,,,,,,,,,,,,
P5393.jpg,aneobex,,,,,,,,,,,,,
P0599.jpg,Anfree,,,,,,,,,,,,,
P1840.jpg,Anfrocef,,,,,,,,,,,,,
P2173.jpg,Anfuye,,,,,,,,,,,,,
P2825.jpg,Angilock,,,,,,,,,,,,,
P2297.jpg,Anitip,,,,,,,,,,,,,
P2967.jpg,Anitip,,,,,,,,,,,,,
P3035.jpg,Anitip,,,,,,,,,,,,,
P3057.jpg,Anitip,,,,,,,,,,,,,
P3062.jpg,Anitip,,,,,,,,,,,,,
P3081.jpg,Anitip,,,,,,,,,,,,,
P3264.jpg,Anlin,,,,,,,,,,,,,
P2563.jpg,Anodof,,,,,,,,,,,,,
P3241.jpg,Anodol,,,,,,,,,,,,,
P5556.jpg,ansef,,,,,,,,,,,,,
P2542.jpg,Anset,,,,,,,,,,,,,
P1872.jpg,Ansilou,,,,,,,,,,,,,
P1623.jpg,Anstouit,,,,,,,,,,,,,
P3874.jpg,Ansulin,,,,,,,,,,,,,
P4354.jpg,Ansulin  ,,,,,,,,,,,,,
P3244.jpg,Insulin R,,,,,,,,,,,,,
P3258.jpg,Insulin R,,,,,,,,,,,,,
P4182.jpg,Insulin R,,,,,,,,,,,,,
P4336.jpg,Insulin R,,,,,,,,,,,,,
P4216.jpg,Antazol,,,,,,,,,,,,,
P4380.jpg,Antazol,,,,,,,,,,,,,
P4531.jpg,antazol,,,,,,,,,,,,,
P0371.jpg,Anustat,,,,,,,,,,,,,
P0564.jpg,Anustat,,,,,,,,,,,,,
P5095.jpg,anustat,,,,,,,,,,,,,
P2898.jpg,Amitip,,,,,,,,,,,,,
P2926.jpg,Amitip,,,,,,,,,,,,,
P2948.jpg,Amitip,,,,,,,,,,,,,
P2987.jpg,Amitip,,,,,,,,,,,,,
P2252.jpg,Aorifip,,,,,,,,,,,,,
P2339.jpg,Aorifip,,,,,,,,,,,,,
P0365.jpg,Apeclo,,,,,,,,,,,,,
P0374.jpg,Apeclo,,,,,,,,,,,,,
P0378.jpg,Apeclo,,,,,,,,,,,,,
P0388.jpg,Apeclo,,,,,,,,,,,,,
P0411.jpg,Apeclo,,,,,,,,,,,,,
P2572.jpg,Apeclo,,,,,,,,,,,,,
P2681.jpg,Apeclo,,,,,,,,,,,,,
P5016.jpg,apedra sr,,,,,,,,,,,,,
P0073.jpg,Apeelo,,,,,,,,,,,,,
P0082.jpg,Apeelo,,,,,,,,,,,,,
P0088.jpg,Apeelo,,,,,,,,,,,,,
P0103.jpg,Apeelo,,,,,,,,,,,,,
P0131.jpg,Apeelo,,,,,,,,,,,,,
P0453.jpg,Apeelo,,,,,,,,,,,,,
P0509.jpg,Apeelo,,,,,,,,,,,,,
P5296.jpg,apuldon,,,,,,,,,,,,,
P5435.jpg,apuldon,,,,,,,,,,,,,
P1164.jpg,Arth-A Max,,,,,,,,,,,,,
P2230.jpg,Aristovil-B,,,,,,,,,,,,,
P2507.jpg,Aristovit,,,,,,,,,,,,,
P2877.jpg,Aristovit,,,,,,,,,,,,,
P2927.jpg,Aristovit,,,,,,,,,,,,,
P2498.jpg,Aristovit -B,,,,,,,,,,,,,
P2982.jpg,Aristovit-B,,,,,,,,,,,,,
P1186.jpg,Arlila,,,,,,,,,,,,,
P0500.jpg,Arlin,,,,,,,,,,,,,
P0558.jpg,Arlin,,,,,,,,,,,,,
P2451.jpg,Arlin,,,,,,,,,,,,,
P2872.jpg,Arlin,,,,,,,,,,,,,
P3077.jpg,Arlin,,,,,,,,,,,,,
P3557.jpg,Arlin,,,,,,,,,,,,,
P3595.jpg,Arlin,,,,,,,,,,,,,
P4550.jpg,arlin,,,,,,,,,,,,,
P0806.jpg,Arnitip,,,,,,,,,,,,,
P3189.jpg,Aropen,,,,,,,,,,,,,
P4190.jpg,Aropen,,,,,,,,,,,,,
P4195.jpg,Aropen,,,,,,,,,,,,,
P3184.jpg,Aropens,,,,,,,,,,,,,
P1911.jpg,Arsiloca,,,,,,,,,,,,,
P0691.jpg,arth,,,,,,,,,,,,,
P0696.jpg,arth,,,,,,,,,,,,,
P1065.jpg,arth,,,,,,,,,,,,,
P1082.jpg,arth,,,,,,,,,,,,,
P1596.jpg,Arth  ,,,,,,,,,,,,,
P1481.jpg,Arth A Max,,,,,,,,,,,,,
P1619.jpg,Arth A Max,,,,,,,,,,,,,
P1963.jpg,Arth A max,,,,,,,,,,,,,
P2067.jpg,Arth A max,,,,,,,,,,,,,
P1618.jpg,Arth An,,,,,,,,,,,,,
P1597.jpg,Arth ATS,,,,,,,,,,,,,
P5545.jpg,artica,,,,,,,,,,,,,
P2413.jpg,Ascobex,,,,,,,,,,,,,
P3412.jpg,Ascoson,,,,,,,,,,,,,
P4958.jpg,ascoson,,,,,,,,,,,,,
P2134.jpg,Asthma,,,,,,,,,,,,,
P0006.jpg,Asynta,,,,,,,,,,,,,
P0680.jpg,Asynta,,,,,,,,,,,,,
P1061.jpg,Asynta,,,,,,,,,,,,,
P1093.jpg,Asynta,,,,,,,,,,,,,
P1862.jpg,Asynta,,,,,,,,,,,,,
P5289.jpg,asynta,,,,,,,,,,,,,
P1140.jpg,Asynta max,,,,,,,,,,,,,
P1486.jpg,Asynta max,,,,,,,,,,,,,
P1976.jpg,Asynta max,,,,,,,,,,,,,
P2005.jpg,Asynta max,,,,,,,,,,,,,
P4875.jpg,atlin,,,,,,,,,,,,,
P0231.jpg,Atoz,,,,,,,,,,,,,
P0424.jpg,Atoz,,,,,,,,,,,,,
P0515.jpg,Atozen,,,,,,,,,,,,,
P1931.jpg,Auolac,,,,,,,,,,,,,
P2087.jpg,Auolac,,,,,,,,,,,,,
P3202.jpg,Autazol,,,,,,,,,,,,,
P0113.jpg,Avloclav,,,,,,,,,,,,,
P0512.jpg,Avloclav,,,,,,,,,,,,,
P2566.jpg,Avloclav,,,,,,,,,,,,,
P0292.jpg,Avolac,,,,,,,,,,,,,
P0308.jpg,Avolac,,,,,,,,,,,,,
P0364.jpg,Avolac,,,,,,,,,,,,,
P0688.jpg,Avolac,,,,,,,,,,,,,
P0970.jpg,Avolac,,,,,,,,,,,,,
P1528.jpg,Avolac,,,,,,,,,,,,,
P3716.jpg,Avolac,,,,,,,,,,,,,
P3759.jpg,Avolac,,,,,,,,,,,,,
P3814.jpg,Avolac,,,,,,,,,,,,,
P3835.jpg,Avolac,,,,,,,,,,,,,
P3862.jpg,Avolac,,,,,,,,,,,,,
P3865.jpg,Avolac,,,,,,,,,,,,,
P4562.jpg,avolu,,,,,,,,,,,,,
P3879.jpg,Axim,,,,,,,,,,,,,
P4250.jpg,Axim,,,,,,,,,,,,,
P5401.jpg,axim,,,,,,,,,,,,,
P2354.jpg,Axim CV,,,,,,,,,,,,,
P2527.jpg,Axim CV,,,,,,,,,,,,,
P5288.jpg,axim cv,,,,,,,,,,,,,
P1709.jpg,Aximcy,,,,,,,,,,,,,
P5177.jpg,axon,,,,,,,,,,,,,
P5201.jpg,axon,,,,,,,,,,,,,
P5519.jpg,axon,,,,,,,,,,,,,
P3214.jpg,Ayim,,,,,,,,,,,,,
P0341.jpg,Azibact,,,,,,,,,,,,,
P2574.jpg,Azinel,,,,,,,,,,,,,
P2601.jpg,Azinil,,,,,,,,,,,,,
P2550.jpg,Azosite,,,,,,,,,,,,,
P2090.jpg,B. 50 forte,,,,,,,,,,,,,
P2132.jpg,B126,,,,,,,,,,,,,
P4929.jpg,bactrocin,,,,,,,,,,,,,
P2597.jpg,Bactrosin ,,,,,,,,,,,,,
P2153.jpg,Baemax,,,,,,,,,,,,,
P2474.jpg,Baemax,,,,,,,,,,,,,
P0801.jpg,Barbit,,,,,,,,,,,,,
P0821.jpg,Barbit,,,,,,,,,,,,,
P0899.jpg,Barbit,,,,,,,,,,,,,
P1055.jpg,Barbit,,,,,,,,,,,,,
P1681.jpg,Barbit,,,,,,,,,,,,,
P2285.jpg,Barbit,,,,,,,,,,,,,
P2320.jpg,Barbit,,,,,,,,,,,,,
P2953.jpg,Barbit,,,,,,,,,,,,,
P2958.jpg,Barbit,,,,,,,,,,,,,
P2996.jpg,Barbit,,,,,,,,,,,,,
P2180.jpg,Barmax,,,,,,,,,,,,,
P3065.jpg,Barbit,,,,,,,,,,,,,
P0989.jpg,Bartrocin,,,,,,,,,,,,,
P2546.jpg,Baumax,,,,,,,,,,,,,
P2267.jpg,Becobion,,,,,,,,,,,,,
P2332.jpg,Becobion,,,,,,,,,,,,,
P5133.jpg,becobion,,,,,,,,,,,,,
P5194.jpg,becobion,,,,,,,,,,,,,
P5464.jpg,becobion,,,,,,,,,,,,,
P2839.jpg,Beconal,,,,,,,,,,,,,
P2932.jpg,Beconal,,,,,,,,,,,,,
P0166.jpg,Beklo,,,,,,,,,,,,,
P0198.jpg,Beklo,,,,,,,,,,,,,
P0203.jpg,Beklo,,,,,,,,,,,,,
P0213.jpg,Beklo,,,,,,,,,,,,,
P0234.jpg,Beklo,,,,,,,,,,,,,
P0570.jpg,Beklo,,,,,,,,,,,,,
P1094.jpg,Beklo,,,,,,,,,,,,,
P1417.jpg,Beklo,,,,,,,,,,,,,
P1739.jpg,BEKLO,,,,,,,,,,,,,
P2337.jpg,Beklo,,,,,,,,,,,,,
P2945.jpg,Beklo,,,,,,,,,,,,,
P5438.jpg,beklo,,,,,,,,,,,,,
P2383.jpg,Beklo 10,,,,,,,,,,,,,
P0609.jpg,Ben A,,,,,,,,,,,,,
P0029.jpg,bengel,,,,,,,,,,,,,
P2648.jpg,Best Fresh,,,,,,,,,,,,,
P5029.jpg,betaloc,,,,,,,,,,,,,
P1377.jpg,Bex 10,,,,,,,,,,,,,
P1583.jpg,Bex 10,,,,,,,,,,,,,
P0576.jpg,Bexitrol,,,,,,,,,,,,,
P2569.jpg,Bexitrol,,,,,,,,,,,,,
P0623.jpg,Bexter,,,,,,,,,,,,,
P1853.jpg,Bextwfiluy,,,,,,,,,,,,,
P3961.jpg,Bicozin,,,,,,,,,,,,,
P4179.jpg,Bicozin,,,,,,,,,,,,,
P0244.jpg,Bilan,,,,,,,,,,,,,
P0614.jpg,Bilan,,,,,,,,,,,,,
P0629.jpg,Bilan,,,,,,,,,,,,,
P1815.jpg,Bilan,,,,,,,,,,,,,
P1894.jpg,Bilan,,,,,,,,,,,,,
P2644.jpg,Bilan,,,,,,,,,,,,,
P0427.jpg,Bilau,,,,,,,,,,,,,
P0436.jpg,Bilau,,,,,,,,,,,,,
P0442.jpg,Bilau,,,,,,,,,,,,,
P2387.jpg,Bilau 20,,,,,,,,,,,,,
P0182.jpg,Bilax,,,,,,,,,,,,,
P0143.jpg,Bilaxe,,,,,,,,,,,,,
P0156.jpg,Bilaxe,,,,,,,,,,,,,
P0165.jpg,Bilaxe,,,,,,,,,,,,,
P0318.jpg,Bilaxe,,,,,,,,,,,,,
P0325.jpg,Bilaxe,,,,,,,,,,,,,
P0336.jpg,Bilaxe,,,,,,,,,,,,,
P0353.jpg,Bilaxe,,,,,,,,,,,,,
P0384.jpg,Bilaxe,,,,,,,,,,,,,
P0390.jpg,Bilaxe,,,,,,,,,,,,,
P0405.jpg,Bilaxe,,,,,,,,,,,,,
P0419.jpg,Bilaxe,,,,,,,,,,,,,
P0446.jpg,Bilaxe,,,,,,,,,,,,,
P0448.jpg,Bilaxe,,,,,,,,,,,,,
P0456.jpg,Bilaxe,,,,,,,,,,,,,
P0476.jpg,Bilaxe,,,,,,,,,,,,,
P0483.jpg,Bilaxe,,,,,,,,,,,,,
P0529.jpg,Bilaxe,,,,,,,,,,,,,
P0561.jpg,Bilaxe,,,,,,,,,,,,,
P0573.jpg,Bilaxe,,,,,,,,,,,,,
P2568.jpg,Bilaxe,,,,,,,,,,,,,
P5093.jpg,bilaxe,,,,,,,,,,,,,
P5098.jpg,bilaxe,,,,,,,,,,,,,
P5111.jpg,bilaxe,,,,,,,,,,,,,
P5359.jpg,bilaxe,,,,,,,,,,,,,
P5374.jpg,bilaxe,,,,,,,,,,,,,
P4174.jpg,Bildent,,,,,,,,,,,,,
P2177.jpg,Bilfast,,,,,,,,,,,,,
P2480.jpg,Bilfast,,,,,,,,,,,,,
P2166.jpg,Bilfastl,,,,,,,,,,,,,
P2308.jpg,Bilista,,,,,,,,,,,,,
P2977.jpg,Bilista,,,,,,,,,,,,,
P4359.jpg,Billi,,,,,,,,,,,,,
P0987.jpg,Bilon,,,,,,,,,,,,,
P2742.jpg,Biloxe,,,,,,,,,,,,,
P3179.jpg,Bilozin,,,,,,,,,,,,,
P3172.jpg,Biltant,,,,,,,,,,,,,
P2714.jpg,Biltin,,,,,,,,,,,,,
P3140.jpg,Biltin,,,,,,,,,,,,,
P3142.jpg,Biltin,,,,,,,,,,,,,
P4131.jpg,Biltin,,,,,,,,,,,,,
P4309.jpg,Biltin,,,,,,,,,,,,,
P2441.jpg,Biltin 20,,,,,,,,,,,,,
P2610.jpg,Biocal-Dx,,,,,,,,,,,,,
P0392.jpg,Bionic,,,,,,,,,,,,,
P4468.jpg,Biscor,,,,,,,,,,,,,
P3105.jpg,Biscor,,,,,,,,,,,,,
P4063.jpg,Biscor,,,,,,,,,,,,,
P1576.jpg,Biscor,,,,,,,,,,,,,
P1725.jpg,Biscor,,,,,,,,,,,,,
P1795.jpg,Biscor,,,,,,,,,,,,,
P2022.jpg,Biscor,,,,,,,,,,,,,
P1431.jpg,Biscor 5,,,,,,,,,,,,,
P1531.jpg,Biscor 5,,,,,,,,,,,,,
P1564.jpg,Biscor 5,,,,,,,,,,,,,
P1836.jpg,Biscor 5,,,,,,,,,,,,,
P1910.jpg,Biscor 5,,,,,,,,,,,,,
P1373.jpg,Biscor max,,,,,,,,,,,,,
P2044.jpg,Biscor max,,,,,,,,,,,,,
P1155.jpg,Biscor,,,,,,,,,,,,,
P1235.jpg,Biscor,,,,,,,,,,,,,
P1265.jpg,Biscor,,,,,,,,,,,,,
P0682.jpg,Bislol,,,,,,,,,,,,,
P0716.jpg,Bislol,,,,,,,,,,,,,
P0725.jpg,Bislol,,,,,,,,,,,,,
P0993.jpg,Bislol,,,,,,,,,,,,,
P1050.jpg,Bislol,,,,,,,,,,,,,
P3122.jpg,Bislol,,,,,,,,,,,,,
P3129.jpg,Bislol,,,,,,,,,,,,,
P3136.jpg,Bislol,,,,,,,,,,,,,
P4100.jpg,Bislol,,,,,,,,,,,,,
P4116.jpg,Bislol,,,,,,,,,,,,,
P4127.jpg,Bislol,,,,,,,,,,,,,
P4431.jpg,Bislol,,,,,,,,,,,,,
P4444.jpg,Bislol,,,,,,,,,,,,,
P1013.jpg,Bislol 5,,,,,,,,,,,,,
P1111.jpg,Bislol 5,,,,,,,,,,,,,
P0703.jpg,Biscor,,,,,,,,,,,,,
P1446.jpg,Bisnen2.5,,,,,,,,,,,,,
P1357.jpg,Bisoren,,,,,,,,,,,,,
P1478.jpg,Bisoren,,,,,,,,,,,,,
P1669.jpg,Bisoren,,,,,,,,,,,,,
P1802.jpg,Bisoren,,,,,,,,,,,,,
P1878.jpg,Bisoren,,,,,,,,,,,,,
P1901.jpg,Bisoren,,,,,,,,,,,,,
P1543.jpg,Bisoren 5,,,,,,,,,,,,,
P1551.jpg,Bisoren 5,,,,,,,,,,,,,
P3123.jpg,Bizoran,,,,,,,,,,,,,
P3130.jpg,Bizoran,,,,,,,,,,,,,
P3137.jpg,Bizoran,,,,,,,,,,,,,
P4102.jpg,Bizoran,,,,,,,,,,,,,
P4118.jpg,Bizoran,,,,,,,,,,,,,
P4432.jpg,Bizoran,,,,,,,,,,,,,
P4446.jpg,Bizoran,,,,,,,,,,,,,
P5246.jpg,blomen,,,,,,,,,,,,,
P3763.jpg,Blood,,,,,,,,,,,,,
P0291.jpg,BONID,,,,,,,,,,,,,
P4049.jpg,Brain.V,,,,,,,,,,,,,
P4050.jpg,Brain.V,,,,,,,,,,,,,
P3025.jpg,Bredicon,,,,,,,,,,,,,
P0172.jpg,Brezofil,,,,,,,,,,,,,
P0264.jpg,Brezofil,,,,,,,,,,,,,
P0438.jpg,Brezofil,,,,,,,,,,,,,
P0202.jpg,Brezofil 200,,,,,,,,,,,,,
P0445.jpg,Brodil,,,,,,,,,,,,,
P0313.jpg,Brodin,,,,,,,,,,,,,
P0252.jpg,Bromen,,,,,,,,,,,,,
P2483.jpg,Bron Gel,,,,,,,,,,,,,
P2169.jpg,BRON GVEL,,,,,,,,,,,,,
P2168.jpg,BRON WASFI,,,,,,,,,,,,,
P2482.jpg,Bron Wash,,,,,,,,,,,,,
P2310.jpg,Broxolite,,,,,,,,,,,,,
P2979.jpg,Broxolite,,,,,,,,,,,,,
P4566.jpg,budicort,,,,,,,,,,,,,
P4665.jpg,budicort,,,,,,,,,,,,,
P4685.jpg,budicort,,,,,,,,,,,,,
P4754.jpg,budicort,,,,,,,,,,,,,
P4774.jpg,budicort,,,,,,,,,,,,,
P4834.jpg,budicort,,,,,,,,,,,,,
P4880.jpg,budicort,,,,,,,,,,,,,
P4889.jpg,budicort,,,,,,,,,,,,,
P4911.jpg,budicort,,,,,,,,,,,,,
P4927.jpg,budicort,,,,,,,,,,,,,
P0934.jpg,Bukof,,,,,,,,,,,,,
P4661.jpg,cabergol,,,,,,,,,,,,,
P5206.jpg,cabetool,,,,,,,,,,,,,
P4739.jpg,cabretol cr,,,,,,,,,,,,,
P4767.jpg,cabretol cr,,,,,,,,,,,,,
P2041.jpg,Caficid,,,,,,,,,,,,,
P3159.jpg,Cafixim,,,,,,,,,,,,,
P1919.jpg,calacef,,,,,,,,,,,,,
P1773.jpg,Calamine,,,,,,,,,,,,,
P0826.jpg,Calbo,,,,,,,,,,,,,
P3885.jpg,Calbo  ,,,,,,,,,,,,,
P3837.jpg,Calbo D,,,,,,,,,,,,,
P3840.jpg,Calbo D,,,,,,,,,,,,,
P1649.jpg,Calbo-D,,,,,,,,,,,,,
P2239.jpg,Calbo-D,,,,,,,,,,,,,
P2488.jpg,Calbo-D,,,,,,,,,,,,,
P2490.jpg,Calbo-D,,,,,,,,,,,,,
P2509.jpg,Calbo-D,,,,,,,,,,,,,
P2516.jpg,Calbo-D,,,,,,,,,,,,,
P2884.jpg,Calbo-D,,,,,,,,,,,,,
P2906.jpg,Calbo-D,,,,,,,,,,,,,
P2935.jpg,Calbo-D,,,,,,,,,,,,,
P2991.jpg,Calbo-D,,,,,,,,,,,,,
P3086.jpg,Calbo-D,,,,,,,,,,,,,
P0693.jpg,Calbon,,,,,,,,,,,,,
P0741.jpg,Calboral,,,,,,,,,,,,,
P0752.jpg,Calboral,,,,,,,,,,,,,
P0754.jpg,Calboral,,,,,,,,,,,,,
P0761.jpg,Calboral,,,,,,,,,,,,,
P0772.jpg,Calboral,,,,,,,,,,,,,
P0774.jpg,calboral,,,,,,,,,,,,,
P0780.jpg,Calboral,,,,,,,,,,,,,
P0786.jpg,calboral,,,,,,,,,,,,,
P0791.jpg,Calboral,,,,,,,,,,,,,
P0795.jpg,Calboral,,,,,,,,,,,,,
P0805.jpg,calboral,,,,,,,,,,,,,
P0809.jpg,Calboral,,,,,,,,,,,,,
P0816.jpg,Calboral,,,,,,,,,,,,,
P0833.jpg,Calboral,,,,,,,,,,,,,
P0854.jpg,Calboral,,,,,,,,,,,,,
P0861.jpg,Calboral,,,,,,,,,,,,,
P0875.jpg,Calboral,,,,,,,,,,,,,
P0890.jpg,Calboral,,,,,,,,,,,,,
P0894.jpg,Calboral,,,,,,,,,,,,,
P0906.jpg,Calboral,,,,,,,,,,,,,
P0910.jpg,Calboral,,,,,,,,,,,,,
P0919.jpg,Calboral,,,,,,,,,,,,,
P0925.jpg,Calboral,,,,,,,,,,,,,
P0937.jpg,calboral,,,,,,,,,,,,,
P0948.jpg,calboral,,,,,,,,,,,,,
P0964.jpg,calboral,,,,,,,,,,,,,
P1075.jpg,Calboral,,,,,,,,,,,,,
P1102.jpg,Calboral,,,,,,,,,,,,,
P1294.jpg,Calboral,,,,,,,,,,,,,
P1484.jpg,Calboral,,,,,,,,,,,,,
P1762.jpg,calboral,,,,,,,,,,,,,
P1846.jpg,Calboral,,,,,,,,,,,,,
P1860.jpg,Calboral,,,,,,,,,,,,,
P1895.jpg,Calboral,,,,,,,,,,,,,
P2547.jpg,Calboral,,,,,,,,,,,,,
P5383.jpg,calboral,,,,,,,,,,,,,
P5428.jpg,calboral,,,,,,,,,,,,,
P5456.jpg,calboral,,,,,,,,,,,,,
P5516.jpg,calboral,,,,,,,,,,,,,
P1353.jpg,Calboral D,,,,,,,,,,,,,
P1472.jpg,Calboral D,,,,,,,,,,,,,
P1476.jpg,Calboral D,,,,,,,,,,,,,
P1490.jpg,Calboral D,,,,,,,,,,,,,
P1509.jpg,Calboral D,,,,,,,,,,,,,
P1514.jpg,Calboral D,,,,,,,,,,,,,
P1524.jpg,Calboral D,,,,,,,,,,,,,
P2338.jpg,Calboral D,,,,,,,,,,,,,
P2841.jpg,Calboral D,,,,,,,,,,,,,
P2942.jpg,Calboral D,,,,,,,,,,,,,
P2947.jpg,Calboral D,,,,,,,,,,,,,
P2950.jpg,Calboral D,,,,,,,,,,,,,
P0723.jpg,Calboral dx,,,,,,,,,,,,,
P0931.jpg,Calboral DX,,,,,,,,,,,,,
P1269.jpg,Calboral Dx,,,,,,,,,,,,,
P1330.jpg,Calboral Dx,,,,,,,,,,,,,
P1355.jpg,Calboral Dx,,,,,,,,,,,,,
P1495.jpg,Calboral Dx,,,,,,,,,,,,,
P1503.jpg,Calboral Dx,,,,,,,,,,,,,
P1549.jpg,Calboral Dx,,,,,,,,,,,,,
P1600.jpg,Calboral Dx,,,,,,,,,,,,,
P1621.jpg,Calboral Dx,,,,,,,,,,,,,
P1690.jpg,Calboral Dx,,,,,,,,,,,,,
P2050.jpg,Calboral Dx,,,,,,,,,,,,,
P2599.jpg,Calboral Dx,,,,,,,,,,,,,
P2694.jpg,Calboral Dx,,,,,,,,,,,,,
P1385.jpg,Calboral-D,,,,,,,,,,,,,
P1633.jpg,Calboral-D,,,,,,,,,,,,,
P2210.jpg,Calboral-D,,,,,,,,,,,,,
P0839.jpg,Calboral-DX,,,,,,,,,,,,,
P0878.jpg,Calboral-DX,,,,,,,,,,,,,
P0952.jpg,Calboral-DX,,,,,,,,,,,,,
P1279.jpg,Calboral-DX,,,,,,,,,,,,,
P1394.jpg,Calboral-Dx,,,,,,,,,,,,,
P2275.jpg,Calborul-D,,,,,,,,,,,,,
P0853.jpg,calcor,,,,,,,,,,,,,
P1643.jpg,Calcor-D,,,,,,,,,,,,,
P1652.jpg,Calcor-D,,,,,,,,,,,,,
P1657.jpg,Calcor-D,,,,,,,,,,,,,
P1675.jpg,Calcor-D,,,,,,,,,,,,,
P2201.jpg,Calcor-D,,,,,,,,,,,,,
P2221.jpg,Calcor-D,,,,,,,,,,,,,
P2233.jpg,Calcor-D,,,,,,,,,,,,,
P2251.jpg,Calcor-D,,,,,,,,,,,,,
P2254.jpg,Calcor-D,,,,,,,,,,,,,
P2260.jpg,Calcor-D,,,,,,,,,,,,,
P2281.jpg,Calcor-D,,,,,,,,,,,,,
P2287.jpg,Calcor-D,,,,,,,,,,,,,
P2293.jpg,Calcor-D,,,,,,,,,,,,,
P2300.jpg,Calcor-D,,,,,,,,,,,,,
P2316.jpg,Calcor-D,,,,,,,,,,,,,
P2323.jpg,Calcor-D,,,,,,,,,,,,,
P2340.jpg,Calcor-D,,,,,,,,,,,,,
P2515.jpg,Calcor-D,,,,,,,,,,,,,
P2518.jpg,Calcor-D,,,,,,,,,,,,,
P2815.jpg,Calcor-D,,,,,,,,,,,,,
P2862.jpg,Calcor-D,,,,,,,,,,,,,
P2868.jpg,Calcor-D,,,,,,,,,,,,,
P2880.jpg,Calcor-D,,,,,,,,,,,,,
P2897.jpg,Calcor-D,,,,,,,,,,,,,
P2900.jpg,Calcor-D,,,,,,,,,,,,,
P2915.jpg,Calcor-D,,,,,,,,,,,,,
P2918.jpg,Calcor-D,,,,,,,,,,,,,
P2954.jpg,Calcor-D,,,,,,,,,,,,,
P2963.jpg,Calcor-D,,,,,,,,,,,,,
P2997.jpg,Calcor-D,,,,,,,,,,,,,
P3016.jpg,Calcor-D,,,,,,,,,,,,,
P3026.jpg,Calcor-D,,,,,,,,,,,,,
P3033.jpg,Calcor-D,,,,,,,,,,,,,
P3043.jpg,Calcor-D,,,,,,,,,,,,,
P3061.jpg,Calcor-D,,,,,,,,,,,,,
P3067.jpg,Calcor-D,,,,,,,,,,,,,
P3073.jpg,Calcor-D,,,,,,,,,,,,,
P3083.jpg,Calcor-D,,,,,,,,,,,,,
P3091.jpg,Calcor-D,,,,,,,,,,,,,
P1636.jpg,Calcor-Dx,,,,,,,,,,,,,
P2993.jpg,Calcor-Dx,,,,,,,,,,,,,
P3044.jpg,Calcor-Dx,,,,,,,,,,,,,
P1914.jpg,Callin,,,,,,,,,,,,,
P1668.jpg,Calnor,,,,,,,,,,,,,
P2342.jpg,Clavutil,,,,,,,,,,,,,
P2381.jpg,Clavutil,,,,,,,,,,,,,
P2399.jpg,Clavutil,,,,,,,,,,,,,
P5097.jpg,candifast,,,,,,,,,,,,,
P1706.jpg,Canficid,,,,,,,,,,,,,
P0963.jpg,Cantilid,,,,,,,,,,,,,
P4474.jpg,cap,,,,,,,,,,,,,
P4479.jpg,cap,,,,,,,,,,,,,
P4483.jpg,cap,,,,,,,,,,,,,
P4515.jpg,cap,,,,,,,,,,,,,
P4559.jpg,cap,,,,,,,,,,,,,
P1313.jpg,cap. Dexilend,,,,,,,,,,,,,
P1613.jpg,Cap. ESONEX,,,,,,,,,,,,,
P1304.jpg,cap. Esprazo,,,,,,,,,,,,,
P1718.jpg,cap. Esprazo,,,,,,,,,,,,,
P1717.jpg,cap. Ferix-v,,,,,,,,,,,,,
P1341.jpg,cap. Flugal,,,,,,,,,,,,,
P0760.jpg,Cap. Foldin,,,,,,,,,,,,,
P1746.jpg,cap. Folzim,,,,,,,,,,,,,
P1311.jpg,cap. Folzin,,,,,,,,,,,,,
P1364.jpg,cap. Fzsprazo,,,,,,,,,,,,,
P1321.jpg,cap. Maxpro,,,,,,,,,,,,,
P1340.jpg,cap. Maxpro,,,,,,,,,,,,,
P2600.jpg,Cap. zif,,,,,,,,,,,,,
P1297.jpg,Cap.Fusprazo,,,,,,,,,,,,,
P3829.jpg,Caprodycin,,,,,,,,,,,,,
P3442.jpg,Capsule,,,,,,,,,,,,,
P3445.jpg,Capsule,,,,,,,,,,,,,
P3449.jpg,Capsule,,,,,,,,,,,,,
P3456.jpg,Capsule,,,,,,,,,,,,,
P3466.jpg,Capsule,,,,,,,,,,,,,
P3516.jpg,Capsule,,,,,,,,,,,,,
P3523.jpg,Capsule,,,,,,,,,,,,,
P3525.jpg,Capsule,,,,,,,,,,,,,
P3550.jpg,Capsule,,,,,,,,,,,,,
P3618.jpg,Capsule,,,,,,,,,,,,,
P3703.jpg,Capsule,,,,,,,,,,,,,
P3706.jpg,Capsule,,,,,,,,,,,,,
P3712.jpg,Capsule,,,,,,,,,,,,,
P3714.jpg,Capsule,,,,,,,,,,,,,
P3754.jpg,Capsule,,,,,,,,,,,,,
P3757.jpg,Capsule,,,,,,,,,,,,,
P3845.jpg,Capsule,,,,,,,,,,,,,
P3870.jpg,Capsule,,,,,,,,,,,,,
P3897.jpg,Capsule,,,,,,,,,,,,,
P3945.jpg,Capsule,,,,,,,,,,,,,
P3953.jpg,Capsule,,,,,,,,,,,,,
P4046.jpg,Capsule,,,,,,,,,,,,,
P4068.jpg,Capsule,,,,,,,,,,,,,
P4077.jpg,Capsule,,,,,,,,,,,,,
P4091.jpg,Capsule,,,,,,,,,,,,,
P4107.jpg,Capsule,,,,,,,,,,,,,
P4123.jpg,Capsule,,,,,,,,,,,,,
P4142.jpg,Capsule,,,,,,,,,,,,,
P4154.jpg,Capsule,,,,,,,,,,,,,
P4161.jpg,Capsule,,,,,,,,,,,,,
P4212.jpg,Capsule,,,,,,,,,,,,,
P4219.jpg,Capsule,,,,,,,,,,,,,
P4227.jpg,Capsule,,,,,,,,,,,,,
P4239.jpg,Capsule,,,,,,,,,,,,,
P4265.jpg,Capsule,,,,,,,,,,,,,
P4287.jpg,Capsule,,,,,,,,,,,,,
P4318.jpg,Capsule,,,,,,,,,,,,,
P4328.jpg,Capsule,,,,,,,,,,,,,
P4371.jpg,Capsule,,,,,,,,,,,,,
P4375.jpg,Capsule,,,,,,,,,,,,,
P4394.jpg,Capsule,,,,,,,,,,,,,
P4406.jpg,Capsule,,,,,,,,,,,,,
P4407.jpg,Capsule,,,,,,,,,,,,,
P4423.jpg,Capsule,,,,,,,,,,,,,
P4437.jpg,Capsule,,,,,,,,,,,,,
P1511.jpg,Carbimazofe,,,,,,,,,,,,,
P0481.jpg,Carticare,,,,,,,,,,,,,
P3002.jpg,Carulcal D,,,,,,,,,,,,,
P1925.jpg,Carva,,,,,,,,,,,,,
P1988.jpg,Cavinton,,,,,,,,,,,,,
P3641.jpg,CBC,,,,,,,,,,,,,
P3679.jpg,CBC,,,,,,,,,,,,,
P3682.jpg,CBC,,,,,,,,,,,,,
P3683.jpg,CBC,,,,,,,,,,,,,
P3722.jpg,CBC,,,,,,,,,,,,,
P3761.jpg,CBC,,,,,,,,,,,,,
P3815.jpg,CBC,,,,,,,,,,,,,
P3995.jpg,CBC,,,,,,,,,,,,,
P4361.jpg,CBC,,,,,,,,,,,,,
P5100.jpg,cbc,,,,,,,,,,,,,
P0288.jpg,Ceevit,,,,,,,,,,,,,
P0559.jpg,Ceevit,,,,,,,,,,,,,
P2091.jpg,Ceevit,,,,,,,,,,,,,
P2278.jpg,Ceevit,,,,,,,,,,,,,
P2428.jpg,Ceevit,,,,,,,,,,,,,
P2440.jpg,Ceevit,,,,,,,,,,,,,
P2533.jpg,Ceevit,,,,,,,,,,,,,
P2555.jpg,Ceevit,,,,,,,,,,,,,
P2595.jpg,Ceevit,,,,,,,,,,,,,
P2639.jpg,Ceevit,,,,,,,,,,,,,
P2643.jpg,Ceevit,,,,,,,,,,,,,
P2692.jpg,Ceevit,,,,,,,,,,,,,
P2701.jpg,Ceevit,,,,,,,,,,,,,
P2770.jpg,Ceevit,,,,,,,,,,,,,
P2791.jpg,Ceevit,,,,,,,,,,,,,
P3188.jpg,Ceevit,,,,,,,,,,,,,
P3273.jpg,Ceevit,,,,,,,,,,,,,
P3379.jpg,Ceevit,,,,,,,,,,,,,
P3930.jpg,Ceevit,,,,,,,,,,,,,
P4200.jpg,Ceevit,,,,,,,,,,,,,
P4303.jpg,Ceevit,,,,,,,,,,,,,
P4320.jpg,Ceevit,,,,,,,,,,,,,
P4579.jpg,ceevit,,,,,,,,,,,,,
P4614.jpg,ceevit,,,,,,,,,,,,,
P4639.jpg,ceevit,,,,,,,,,,,,,
P4641.jpg,ceevit,,,,,,,,,,,,,
P4658.jpg,ceevit,,,,,,,,,,,,,
P4679.jpg,ceevit,,,,,,,,,,,,,
P4713.jpg,ceevit,,,,,,,,,,,,,
P4727.jpg,ceevit,,,,,,,,,,,,,
P4749.jpg,ceevit,,,,,,,,,,,,,
P4798.jpg,ceevit,,,,,,,,,,,,,
P4878.jpg,ceevit,,,,,,,,,,,,,
P4900.jpg,ceevit,,,,,,,,,,,,,
P4906.jpg,ceevit,,,,,,,,,,,,,
P4922.jpg,ceevit,,,,,,,,,,,,,
P4953.jpg,ceevit,,,,,,,,,,,,,
P4976.jpg,ceevit,,,,,,,,,,,,,
P4984.jpg,ceevit,,,,,,,,,,,,,
P4993.jpg,ceevit,,,,,,,,,,,,,
P5012.jpg,ceevit,,,,,,,,,,,,,
P5124.jpg,ceevit,,,,,,,,,,,,,
P5160.jpg,ceevit,,,,,,,,,,,,,
P5305.jpg,ceevit,,,,,,,,,,,,,
P5366.jpg,ceevit,,,,,,,,,,,,,
P5381.jpg,ceevit,,,,,,,,,,,,,
P5406.jpg,ceevit,,,,,,,,,,,,,
P5417.jpg,ceevit,,,,,,,,,,,,,
P5436.jpg,ceevit,,,,,,,,,,,,,
P5455.jpg,ceevit,,,,,,,,,,,,,
P5514.jpg,ceevit,,,,,,,,,,,,,
P2826.jpg,Cef-3,,,,,,,,,,,,,
P2940.jpg,Cef-3,,,,,,,,,,,,,
P2417.jpg,Cefaclav,,,,,,,,,,,,,
P2811.jpg,Cefaclav,,,,,,,,,,,,,
P3890.jpg,Cefaclav,,,,,,,,,,,,,
P4284.jpg,Cefaclav,,,,,,,,,,,,,
P5008.jpg,cefaclav,,,,,,,,,,,,,
P5412.jpg,cefaclav,,,,,,,,,,,,,
P3213.jpg,Cefaxine,,,,,,,,,,,,,
P4570.jpg,cefazid,,,,,,,,,,,,,
P2272.jpg,Cef-B,,,,,,,,,,,,,
P2695.jpg,Cefim,,,,,,,,,,,,,
P2589.jpg,Cefin-B,,,,,,,,,,,,,
P3284.jpg,Ceftriaxone,,,,,,,,,,,,,
P3150.jpg,Cefixim,,,,,,,,,,,,,
P3219.jpg,Cefixime,,,,,,,,,,,,,
P4152.jpg,Cefixime,,,,,,,,,,,,,
P4266.jpg,Cefixime,,,,,,,,,,,,,
P1137.jpg,Cefofi Plus Sw,,,,,,,,,,,,,
P0578.jpg,Cefotil,,,,,,,,,,,,,
P0985.jpg,cefotil,,,,,,,,,,,,,
P1693.jpg,cefotil,,,,,,,,,,,,,
P1412.jpg,cefotil plus,,,,,,,,,,,,,
P1830.jpg,Cefotil Plus,,,,,,,,,,,,,
P1889.jpg,Cefotil Plus,,,,,,,,,,,,,
P1994.jpg,Cefotil Plus,,,,,,,,,,,,,
P2018.jpg,Cefotil Plus,,,,,,,,,,,,,
P5431.jpg,cefotil plus,,,,,,,,,,,,,
P2363.jpg,Cefrid,,,,,,,,,,,,,
P3719.jpg,Ceftadixime,,,,,,,,,,,,,
P4494.jpg,ceftazidime,,,,,,,,,,,,,
P4604.jpg,ceftazidime,,,,,,,,,,,,,
P4625.jpg,ceftazidime,,,,,,,,,,,,,
P4705.jpg,ceftazidime,,,,,,,,,,,,,
P4720.jpg,ceftazidime,,,,,,,,,,,,,
P4792.jpg,ceftazidime,,,,,,,,,,,,,
P4915.jpg,ceftazidime,,,,,,,,,,,,,
P3101.jpg,Ceftriaxone,,,,,,,,,,,,,
P3111.jpg,Ceftriaxone,,,,,,,,,,,,,
P3138.jpg,Ceftriaxone,,,,,,,,,,,,,
P3167.jpg,Ceftriaxone,,,,,,,,,,,,,
P3322.jpg,Ceftriaxone,,,,,,,,,,,,,
P4477.jpg,Ceftriaxone,,,,,,,,,,,,,
P3198.jpg,Ceftriaxone,,,,,,,,,,,,,
P3279.jpg,Ceftriaxone,,,,,,,,,,,,,
P3307.jpg,Ceftriaxone,,,,,,,,,,,,,
P3316.jpg,Ceftriaxone,,,,,,,,,,,,,
P3327.jpg,Ceftriaxone,,,,,,,,,,,,,
P3335.jpg,Ceftriaxone,,,,,,,,,,,,,
P3346.jpg,Ceftriaxone,,,,,,,,,,,,,
P3367.jpg,Ceftriaxone,,,,,,,,,,,,,
P3371.jpg,Ceftriaxone,,,,,,,,,,,,,
P3384.jpg,Ceftriaxone,,,,,,,,,,,,,
P3424.jpg,Ceftriaxone,,,,,,,,,,,,,
P3472.jpg,Ceftriaxone,,,,,,,,,,,,,
P3565.jpg,Ceftriaxone,,,,,,,,,,,,,
P3580.jpg,Ceftriaxone,,,,,,,,,,,,,
P3589.jpg,Ceftriaxone,,,,,,,,,,,,,
P3605.jpg,Ceftriaxone,,,,,,,,,,,,,
P3607.jpg,Ceftriaxone,,,,,,,,,,,,,
P3610.jpg,Ceftriaxone,,,,,,,,,,,,,
P3628.jpg,Ceftriaxone,,,,,,,,,,,,,
P3632.jpg,Ceftriaxone,,,,,,,,,,,,,
P3646.jpg,Ceftriaxone,,,,,,,,,,,,,
P3650.jpg,Ceftriaxone,,,,,,,,,,,,,
P3659.jpg,Ceftriaxone,,,,,,,,,,,,,
P3694.jpg,Ceftriaxone,,,,,,,,,,,,,
P3853.jpg,Ceftriaxone,,,,,,,,,,,,,
P3921.jpg,Ceftriaxone,,,,,,,,,,,,,
P3962.jpg,Ceftriaxone,,,,,,,,,,,,,
P3983.jpg,Ceftriaxone,,,,,,,,,,,,,
P4029.jpg,Ceftriaxone,,,,,,,,,,,,,
P4057.jpg,Ceftriaxone,,,,,,,,,,,,,
P4121.jpg,Ceftriaxone,,,,,,,,,,,,,
P4165.jpg,Ceftriaxone,,,,,,,,,,,,,
P4205.jpg,Ceftriaxone,,,,,,,,,,,,,
P4294.jpg,Ceftriaxone,,,,,,,,,,,,,
P4366.jpg,Ceftriaxone,,,,,,,,,,,,,
P4373.jpg,Ceftriaxone,,,,,,,,,,,,,
P4405.jpg,Ceftriaxone,,,,,,,,,,,,,
P4412.jpg,Ceftriaxone,,,,,,,,,,,,,
P4422.jpg,Ceftriaxone,,,,,,,,,,,,,
P4436.jpg,Ceftriaxone,,,,,,,,,,,,,
P4447.jpg,Ceftriaxone,,,,,,,,,,,,,
P4455.jpg,Ceftriaxone,,,,,,,,,,,,,
P4461.jpg,Ceftriaxone,,,,,,,,,,,,,
P4934.jpg,ceftriaxone,,,,,,,,,,,,,
P4967.jpg,ceftriaxone,,,,,,,,,,,,,
P4968.jpg,ceftriaxone,,,,,,,,,,,,,
P4979.jpg,ceftriaxone,,,,,,,,,,,,,
P4697.jpg,Ceftriaxone,,,,,,,,,,,,,
P2827.jpg,Ceftron,,,,,,,,,,,,,
P3818.jpg,Ceftron,,,,,,,,,,,,,
P4837.jpg,Cefuroxime,,,,,,,,,,,,,
P4849.jpg,Cefuroxime,,,,,,,,,,,,,
P3533.jpg,Cefuroximee,,,,,,,,,,,,,
P3546.jpg,Cefuroximee,,,,,,,,,,,,,
P3654.jpg,Cefuroximee,,,,,,,,,,,,,
P3950.jpg,Cefuroximee,,,,,,,,,,,,,
P4532.jpg,Cefuroximee,,,,,,,,,,,,,
P4074.jpg,Cefuroxime,,,,,,,,,,,,,
P4248.jpg,Cefuroxime,,,,,,,,,,,,,
P4337.jpg,Cefuroxime,,,,,,,,,,,,,
P1000.jpg,celebrex,,,,,,,,,,,,,
P3229.jpg,Cetaclav,,,,,,,,,,,,,
P4519.jpg,cetaclav,,,,,,,,,,,,,
P2277.jpg,Cetinol forte,,,,,,,,,,,,,
P1379.jpg,Cewfilid,,,,,,,,,,,,,
P1240.jpg,Cfe Maxfee,,,,,,,,,,,,,
P1737.jpg,Cheort-Dx,,,,,,,,,,,,,
P0133.jpg,Cidex,,,,,,,,,,,,,
P0527.jpg,Cidex,,,,,,,,,,,,,
P1752.jpg,Cifaclav,,,,,,,,,,,,,
P0624.jpg,cildip,,,,,,,,,,,,,
P0651.jpg,cildip,,,,,,,,,,,,,
P0738.jpg,Cildip,,,,,,,,,,,,,
P1242.jpg,Cildip,,,,,,,,,,,,,
P1445.jpg,Cildip,,,,,,,,,,,,,
P1800.jpg,Cildip,,,,,,,,,,,,,
P1801.jpg,Cildip,,,,,,,,,,,,,
P1827.jpg,Cildip,,,,,,,,,,,,,
P1877.jpg,Cildip,,,,,,,,,,,,,
P1900.jpg,Cildip,,,,,,,,,,,,,
P1987.jpg,Cildip,,,,,,,,,,,,,
P2820.jpg,Cildip,,,,,,,,,,,,,
P1290.jpg,Cildip 10,,,,,,,,,,,,,
P1542.jpg,Cildip 10,,,,,,,,,,,,,
P1949.jpg,Cildip 5,,,,,,,,,,,,,
P2095.jpg,Cildip 5,,,,,,,,,,,,,
P1150.jpg,Cildnp,,,,,,,,,,,,,
P0367.jpg,Cinamycin,,,,,,,,,,,,,
P0229.jpg,Cinaron,,,,,,,,,,,,,
P2288.jpg,Cinaron Plus,,,,,,,,,,,,,
P0340.jpg,Ciponaal,,,,,,,,,,,,,
P3234.jpg,ciprox,,,,,,,,,,,,,
P0733.jpg,clacef,,,,,,,,,,,,,
P1122.jpg,Clacef,,,,,,,,,,,,,
P1196.jpg,Clacef,,,,,,,,,,,,,
P1711.jpg,Clacef,,,,,,,,,,,,,
P1818.jpg,Clacef,,,,,,,,,,,,,
P2056.jpg,clacef,,,,,,,,,,,,,
P5024.jpg,clarin,,,,,,,,,,,,,
P5056.jpg,Clavutil,,,,,,,,,,,,,
P0618.jpg,clavusef,,,,,,,,,,,,,
P2073.jpg,clavusef,,,,,,,,,,,,,
P1244.jpg,Clavusef ,,,,,,,,,,,,,
P1117.jpg,Clavusef sw,,,,,,,,,,,,,
P2374.jpg,Clavutil,,,,,,,,,,,,,
P2408.jpg,Clavutil,,,,,,,,,,,,,
P0147.jpg,Clavutil,,,,,,,,,,,,,
P0179.jpg,Clavutil,,,,,,,,,,,,,
P0200.jpg,Clavutil,,,,,,,,,,,,,
P0211.jpg,Clavutil,,,,,,,,,,,,,
P0227.jpg,Clavutil,,,,,,,,,,,,,
P0256.jpg,clavutil,,,,,,,,,,,,,
P0260.jpg,clavutil,,,,,,,,,,,,,
P0426.jpg,Clavutil,,,,,,,,,,,,,
P2164.jpg,clavutil,,,,,,,,,,,,,
P2178.jpg,Clavutil,,,,,,,,,,,,,
P2478.jpg,Clavutil,,,,,,,,,,,,,
P2500.jpg,Clavutil,,,,,,,,,,,,,
P2519.jpg,Clavutil,,,,,,,,,,,,,
P2576.jpg,Clavutil,,,,,,,,,,,,,
P2728.jpg,Clavutil,,,,,,,,,,,,,
P5151.jpg,clavutil,,,,,,,,,,,,,
P5460.jpg,clavutil,,,,,,,,,,,,,
P2126.jpg,Clavutil,,,,,,,,,,,,,
P4631.jpg,clexane,,,,,,,,,,,,,
P4921.jpg,clexane,,,,,,,,,,,,,
P4706.jpg,clindacin,,,,,,,,,,,,,
P4783.jpg,clindacin,,,,,,,,,,,,,
P4793.jpg,clindacin,,,,,,,,,,,,,
P4802.jpg,clindacin,,,,,,,,,,,,,
P4811.jpg,clindacin,,,,,,,,,,,,,
P4835.jpg,clindacin,,,,,,,,,,,,,
P4653.jpg,clindamycin,,,,,,,,,,,,,
P4745.jpg,clindamycin,,,,,,,,,,,,,
P2828.jpg,Clofenal,,,,,,,,,,,,,
P2829.jpg,Clofenal,,,,,,,,,,,,,
P0279.jpg,Clonapex,,,,,,,,,,,,,
P0287.jpg,Clonapex,,,,,,,,,,,,,
P2431.jpg,Clonapex,,,,,,,,,,,,,
P2534.jpg,Clonapex,,,,,,,,,,,,,
P2594.jpg,Clonapex,,,,,,,,,,,,,
P2693.jpg,Clonapex,,,,,,,,,,,,,
P2700.jpg,Clonapex,,,,,,,,,,,,,
P2793.jpg,Clonapex,,,,,,,,,,,,,
P5126.jpg,clonapex,,,,,,,,,,,,,
P5220.jpg,clonapex,,,,,,,,,,,,,
P5265.jpg,clonapex,,,,,,,,,,,,,
P5368.jpg,clonapex,,,,,,,,,,,,,
P5380.jpg,clonapex,,,,,,,,,,,,,
P5409.jpg,clonapex,,,,,,,,,,,,,
P5419.jpg,clonapex,,,,,,,,,,,,,
P5429.jpg,clonapex,,,,,,,,,,,,,
P5439.jpg,clonapex,,,,,,,,,,,,,
P5447.jpg,clonapex,,,,,,,,,,,,,
P5458.jpg,clonapex,,,,,,,,,,,,,
P5513.jpg,clonapex,,,,,,,,,,,,,
P3246.jpg,Clopid,,,,,,,,,,,,,
P3255.jpg,Clopid,,,,,,,,,,,,,
P3359.jpg,Colistin,,,,,,,,,,,,,
P5487.jpg,collagen-d,,,,,,,,,,,,,
P0650.jpg,Combicid,,,,,,,,,,,,,
P0705.jpg,Combicid,,,,,,,,,,,,,
P0842.jpg,Combicid,,,,,,,,,,,,,
P1071.jpg,combicid,,,,,,,,,,,,,
P0028.jpg,Comet,,,,,,,,,,,,,
P4351.jpg,Comet,,,,,,,,,,,,,
P1775.jpg,Comficid,,,,,,,,,,,,,
P1261.jpg,Comlricid,,,,,,,,,,,,,
P2604.jpg,Comprid,,,,,,,,,,,,,
P2830.jpg,Conit XR,,,,,,,,,,,,,
P2504.jpg,Conit-XR,,,,,,,,,,,,,
P0219.jpg,Cor algen-D,,,,,,,,,,,,,
P0105.jpg,Cora DX,,,,,,,,,,,,,
P1254.jpg,Cora Dx vitr,,,,,,,,,,,,,
P0167.jpg,Coragen-D,,,,,,,,,,,,,
P0178.jpg,Coragen-D,,,,,,,,,,,,,
P0188.jpg,Coragen-D,,,,,,,,,,,,,
P0199.jpg,Coragen-D,,,,,,,,,,,,,
P2187.jpg,Coragu-D,,,,,,,,,,,,,
P5039.jpg,coral,,,,,,,,,,,,,
P4662.jpg,coral cal,,,,,,,,,,,,,
P4682.jpg,coral cal d,,,,,,,,,,,,,
P5045.jpg,coral rd,,,,,,,,,,,,,
P0373.jpg,Coralcal,,,,,,,,,,,,,
P0468.jpg,Coralcal,,,,,,,,,,,,,
P0475.jpg,Coralcal,,,,,,,,,,,,,
P1026.jpg,Coralcal,,,,,,,,,,,,,
P1239.jpg,Coralcalry,,,,,,,,,,,,,
P5049.jpg,coral-dx,,,,,,,,,,,,,
P0415.jpg,Coraleal,,,,,,,,,,,,,
P2762.jpg,Coralex DX,,,,,,,,,,,,,
P0235.jpg,Coralgue D,,,,,,,,,,,,,
P0240.jpg,Coralgue D,,,,,,,,,,,,,
P5103.jpg,corox,,,,,,,,,,,,,
P0050.jpg,CORTAN,,,,,,,,,,,,,
P0161.jpg,Cortan,,,,,,,,,,,,,
P0170.jpg,Cortan,,,,,,,,,,,,,
P0181.jpg,Cortan,,,,,,,,,,,,,
P0430.jpg,Cortan,,,,,,,,,,,,,
P1069.jpg,Cortan,,,,,,,,,,,,,
P4021.jpg,Cortan,,,,,,,,,,,,,
P4307.jpg,Cortan,,,,,,,,,,,,,
P2513.jpg,Corulcal-D,,,,,,,,,,,,,
P4032.jpg,Cosec,,,,,,,,,,,,,
P4571.jpg,cosec,,,,,,,,,,,,,
P4858.jpg,cosec,,,,,,,,,,,,,
P0159.jpg,Costan,,,,,,,,,,,,,
P3265.jpg,Cotnim,,,,,,,,,,,,,
P3278.jpg,Cotnim,,,,,,,,,,,,,
P3651.jpg,Cotrim,,,,,,,,,,,,,
P3660.jpg,Cotrim,,,,,,,,,,,,,
P3813.jpg,Cotrim,,,,,,,,,,,,,
P3833.jpg,Cotrim,,,,,,,,,,,,,
P3657.jpg,Cotson,,,,,,,,,,,,,
P4310.jpg,Cotson,,,,,,,,,,,,,
P4645.jpg,cotson,,,,,,,,,,,,,
P1886.jpg,Cowficid,,,,,,,,,,,,,
P1763.jpg,coxe,,,,,,,,,,,,,
P1574.jpg,Cp Dexter,,,,,,,,,,,,,
P1536.jpg,Cratuftzr,,,,,,,,,,,,,
P1670.jpg,Creston,,,,,,,,,,,,,
P3290.jpg,Ceftriaxone,,,,,,,,,,,,,
P1575.jpg,Cridip 10,,,,,,,,,,,,,
P5072.jpg,criptin,,,,,,,,,,,,,
P5080.jpg,criptin,,,,,,,,,,,,,
P3684.jpg,CRP,,,,,,,,,,,,,
P3723.jpg,CRP,,,,,,,,,,,,,
P3762.jpg,CRP,,,,,,,,,,,,,
P3800.jpg,CRP,,,,,,,,,,,,,
P3816.jpg,CRP,,,,,,,,,,,,,
P1772.jpg,Cyclorox,,,,,,,,,,,,,
P2889.jpg,Cyclorox,,,,,,,,,,,,,
P0893.jpg,D Cap,,,,,,,,,,,,,
P3037.jpg,D-cap,,,,,,,,,,,,,
P1386.jpg,D-cop,,,,,,,,,,,,,
P1395.jpg,D-cop,,,,,,,,,,,,,
P2975.jpg,DDR,,,,,,,,,,,,,
P4047.jpg,DDR,,,,,,,,,,,,,
P0220.jpg,DDR 30,,,,,,,,,,,,,
P2385.jpg,DDR 30,,,,,,,,,,,,,
P2306.jpg,DDR-Bomg,,,,,,,,,,,,,
P0380.jpg,Decoral,,,,,,,,,,,,,
P2495.jpg,Defalin,,,,,,,,,,,,,
P2502.jpg,Defalin,,,,,,,,,,,,,
P1423.jpg,Defcalivo,,,,,,,,,,,,,
P0616.jpg,Deflacort,,,,,,,,,,,,,
P5092.jpg,deflaxen,,,,,,,,,,,,,
P5112.jpg,deflaxen,,,,,,,,,,,,,
P2186.jpg,Defzacort 6,,,,,,,,,,,,,
P1141.jpg,Deixil,,,,,,,,,,,,,
P1153.jpg,Deixil,,,,,,,,,,,,,
P1188.jpg,Deixil,,,,,,,,,,,,,
P1219.jpg,Deixil,,,,,,,,,,,,,
P1170.jpg,Deixl,,,,,,,,,,,,,
P0777.jpg,Dekalin,,,,,,,,,,,,,
P0849.jpg,Dekalin,,,,,,,,,,,,,
P0870.jpg,Dekalin,,,,,,,,,,,,,
P1639.jpg,Dekalin,,,,,,,,,,,,,
P1640.jpg,Dekalin,,,,,,,,,,,,,
P0589.jpg,Delanix,,,,,,,,,,,,,
P1241.jpg,Delcalen,,,,,,,,,,,,,
P1120.jpg,Delfian,,,,,,,,,,,,,
P1935.jpg,Delfmz,,,,,,,,,,,,,
P1980.jpg,Delfmz,,,,,,,,,,,,,
P2033.jpg,Delfmz ,,,,,,,,,,,,,
P2028.jpg,Delfmz 30,,,,,,,,,,,,,
P1174.jpg,Delfnj,,,,,,,,,,,,,
P1220.jpg,Delfraf,,,,,,,,,,,,,
P2077.jpg,Delfrnz,,,,,,,,,,,,,
P2071.jpg,Delfroz,,,,,,,,,,,,,
P2054.jpg,Delfrz,,,,,,,,,,,,,
P2060.jpg,Delfrz,,,,,,,,,,,,,
P1704.jpg,Delfxz,,,,,,,,,,,,,
P0846.jpg,demelon,,,,,,,,,,,,,
P0886.jpg,demelon,,,,,,,,,,,,,
P0943.jpg,demelon,,,,,,,,,,,,,
P4278.jpg,Demoxiclav,,,,,,,,,,,,,
P0670.jpg,Denixil,,,,,,,,,,,,,
P0678.jpg,denixil,,,,,,,,,,,,,
P0739.jpg,denixil,,,,,,,,,,,,,
P1011.jpg,Denixil,,,,,,,,,,,,,
P1018.jpg,Denixil,,,,,,,,,,,,,
P1044.jpg,Denixil,,,,,,,,,,,,,
P1053.jpg,Denixil,,,,,,,,,,,,,
P1066.jpg,Denixil,,,,,,,,,,,,,
P1086.jpg,Denixil,,,,,,,,,,,,,
P1099.jpg,Denixil,,,,,,,,,,,,,
P1114.jpg,Denixil,,,,,,,,,,,,,
P3226.jpg,Denoxidov,,,,,,,,,,,,,
P0280.jpg,Denvar,,,,,,,,,,,,,
P5074.jpg,denvar,,,,,,,,,,,,,
P5507.jpg,denvar,,,,,,,,,,,,,
P1295.jpg,Derolon,,,,,,,,,,,,,
P1646.jpg,Derolon,,,,,,,,,,,,,
P2217.jpg,Derolon,,,,,,,,,,,,,
P2858.jpg,Derolon,,,,,,,,,,,,,
P2781.jpg,Deromax estam,,,,,,,,,,,,,
P1457.jpg,Desfviz,,,,,,,,,,,,,
P2394.jpg,Deslong,,,,,,,,,,,,,
P2888.jpg,Deslor,,,,,,,,,,,,,
P0799.jpg,Desolon,,,,,,,,,,,,,
P0915.jpg,Desolon,,,,,,,,,,,,,
P2241.jpg,Desolon,,,,,,,,,,,,,
P2334.jpg,Desolon,,,,,,,,,,,,,
P2886.jpg,Desolon,,,,,,,,,,,,,
P2944.jpg,Desolon,,,,,,,,,,,,,
P3036.jpg,Desolon,,,,,,,,,,,,,
P1467.jpg,Detfacavt,,,,,,,,,,,,,
P1714.jpg,Detfacf,,,,,,,,,,,,,
P1776.jpg,Detfacf,,,,,,,,,,,,,
P1786.jpg,Detfacf,,,,,,,,,,,,,
P1817.jpg,Detfacf,,,,,,,,,,,,,
P1960.jpg,Detfacf,,,,,,,,,,,,,
P1970.jpg,Detfacf,,,,,,,,,,,,,
P2042.jpg,Detfacf,,,,,,,,,,,,,
P0972.jpg,Deuxil,,,,,,,,,,,,,
P0724.jpg,deviry,,,,,,,,,,,,,
P1447.jpg,Devixi,,,,,,,,,,,,,
P1245.jpg,Devixil,,,,,,,,,,,,,
P1262.jpg,Devixil,,,,,,,,,,,,,
P1291.jpg,Devixil,,,,,,,,,,,,,
P1374.jpg,Devixil,,,,,,,,,,,,,
P1466.jpg,Devixil,,,,,,,,,,,,,
P1578.jpg,Devixil,,,,,,,,,,,,,
P1671.jpg,Devixil,,,,,,,,,,,,,
P1758.jpg,Devixil,,,,,,,,,,,,,
P1782.jpg,Devixil,,,,,,,,,,,,,
P1798.jpg,Devixil,,,,,,,,,,,,,
P1823.jpg,Devixil,,,,,,,,,,,,,
P1879.jpg,Devixil,,,,,,,,,,,,,
P1951.jpg,Devixil,,,,,,,,,,,,,
P1974.jpg,Devixil,,,,,,,,,,,,,
P2032.jpg,Devixil,,,,,,,,,,,,,
P2078.jpg,Devixil,,,,,,,,,,,,,
P1611.jpg,Devixil 0.5,,,,,,,,,,,,,
P1874.jpg,Devixil 0.5,,,,,,,,,,,,,
P1229.jpg,Devoci(uer),,,,,,,,,,,,,
P3098.jpg,Dexa,,,,,,,,,,,,,
P3977.jpg,Dexa,,,,,,,,,,,,,
P4346.jpg,Dexamethason,,,,,,,,,,,,,
P4156.jpg,Dexcin,,,,,,,,,,,,,
P1568.jpg,Dexfacar,,,,,,,,,,,,,
P1116.jpg,Dexter,,,,,,,,,,,,,
P1126.jpg,Dexter 60,,,,,,,,,,,,,
P0385.jpg,Dexila,,,,,,,,,,,,,
P0514.jpg,Dexila,,,,,,,,,,,,,
P1637.jpg,Dexilend,,,,,,,,,,,,,
P1666.jpg,Dexilend,,,,,,,,,,,,,
P1748.jpg,Dexilend,,,,,,,,,,,,,
P2228.jpg,Dexilend,,,,,,,,,,,,,
P2875.jpg,Dexilend,,,,,,,,,,,,,
P2907.jpg,Dexilend,,,,,,,,,,,,,
P3079.jpg,Dexilend,,,,,,,,,,,,,
P3161.jpg,Dexin,,,,,,,,,,,,,
P1663.jpg,Dexlor,,,,,,,,,,,,,
P2929.jpg,Dexlor,,,,,,,,,,,,,
P0144.jpg,Dexnaaf,,,,,,,,,,,,,
P0335.jpg,Dexnaaf,,,,,,,,,,,,,
P0376.jpg,Dexnaaf,,,,,,,,,,,,,
P0386.jpg,Dexnaaf,,,,,,,,,,,,,
P0406.jpg,Dexnaaf,,,,,,,,,,,,,
P0410.jpg,Dexnaaf,,,,,,,,,,,,,
P0417.jpg,Dexnaaf,,,,,,,,,,,,,
P0560.jpg,Dexnaaf,,,,,,,,,,,,,
P0574.jpg,Dexnaaf,,,,,,,,,,,,,
P0586.jpg,Dexnaaf,,,,,,,,,,,,,
P5099.jpg,dexnaaf,,,,,,,,,,,,,
P0399.jpg,Dexnaat,,,,,,,,,,,,,
P2567.jpg,Dexnaof,,,,,,,,,,,,,
P0568.jpg,Dextac,,,,,,,,,,,,,
P5244.jpg,dextac,,,,,,,,,,,,,
P5295.jpg,dextac,,,,,,,,,,,,,
P5384.jpg,dextac,,,,,,,,,,,,,
P0035.jpg,Dextal,,,,,,,,,,,,,
P0654.jpg,Dexter,,,,,,,,,,,,,
P0658.jpg,Dexter,,,,,,,,,,,,,
P0659.jpg,Dexter,,,,,,,,,,,,,
P0663.jpg,Dexter,,,,,,,,,,,,,
P0675.jpg,Dexter,,,,,,,,,,,,,
P0681.jpg,Dexter,,,,,,,,,,,,,
P0684.jpg,Dexter,,,,,,,,,,,,,
P0687.jpg,Dexter,,,,,,,,,,,,,
P0694.jpg,Dexter,,,,,,,,,,,,,
P0704.jpg,Dexter,,,,,,,,,,,,,
P0711.jpg,Dexter,,,,,,,,,,,,,
P0718.jpg,Dexter,,,,,,,,,,,,,
P0722.jpg,Dexter,,,,,,,,,,,,,
P0732.jpg,Dexter,,,,,,,,,,,,,
P0736.jpg,Dexter,,,,,,,,,,,,,
P1004.jpg,Dexter,,,,,,,,,,,,,
P1010.jpg,Dexter,,,,,,,,,,,,,
P1023.jpg,Dexter,,,,,,,,,,,,,
P1035.jpg,Dexter,,,,,,,,,,,,,
P1043.jpg,Dexter,,,,,,,,,,,,,
P1051.jpg,Dexter,,,,,,,,,,,,,
P1079.jpg,Dexter,,,,,,,,,,,,,
P1085.jpg,Dexter,,,,,,,,,,,,,
P1087.jpg,Dexter,,,,,,,,,,,,,
P1091.jpg,Dexter,,,,,,,,,,,,,
P1098.jpg,Dexter,,,,,,,,,,,,,
P0669.jpg,Dexter 60,,,,,,,,,,,,,
P1169.jpg,Dexter,,,,,,,,,,,,,
P1187.jpg,Dexter,,,,,,,,,,,,,
P0015.jpg,Dexter,,,,,,,,,,,,,
P0024.jpg,Dexter,,,,,,,,,,,,,
P0275.jpg,Dexter,,,,,,,,,,,,,
P0607.jpg,Dexter,,,,,,,,,,,,,
P0610.jpg,Dexter,,,,,,,,,,,,,
P0615.jpg,Dexter,,,,,,,,,,,,,
P0625.jpg,Dexter,,,,,,,,,,,,,
P0630.jpg,Dexter,,,,,,,,,,,,,
P0634.jpg,Dexter,,,,,,,,,,,,,
P0639.jpg,Dexter,,,,,,,,,,,,,
P0640.jpg,Dexter,,,,,,,,,,,,,
P0971.jpg,Dexter,,,,,,,,,,,,,
P1130.jpg,Dexter,,,,,,,,,,,,,
P1139.jpg,Dexter,,,,,,,,,,,,,
P1148.jpg,Dexter,,,,,,,,,,,,,
P1152.jpg,Dexter,,,,,,,,,,,,,
P1159.jpg,Dexter,,,,,,,,,,,,,
P1195.jpg,Dexter,,,,,,,,,,,,,
P1200.jpg,Dexter,,,,,,,,,,,,,
P1207.jpg,Dexter,,,,,,,,,,,,,
P1246.jpg,Dexter,,,,,,,,,,,,,
P1263.jpg,Dexter,,,,,,,,,,,,,
P1293.jpg,Dexter,,,,,,,,,,,,,
P1327.jpg,Dexter,,,,,,,,,,,,,
P1352.jpg,Dexter,,,,,,,,,,,,,
P1375.jpg,Dexter,,,,,,,,,,,,,
P1381.jpg,Dexter,,,,,,,,,,,,,
P1435.jpg,Dexter,,,,,,,,,,,,,
P1444.jpg,Dexter,,,,,,,,,,,,,
P1448.jpg,Dexter,,,,,,,,,,,,,
P1453.jpg,Dexter,,,,,,,,,,,,,
P1468.jpg,Dexter,,,,,,,,,,,,,
P1473.jpg,Dexter,,,,,,,,,,,,,
P1477.jpg,Dexter,,,,,,,,,,,,,
P1483.jpg,Dexter,,,,,,,,,,,,,
P1488.jpg,Dexter,,,,,,,,,,,,,
P1505.jpg,Dexter,,,,,,,,,,,,,
P1523.jpg,Dexter,,,,,,,,,,,,,
P1529.jpg,Dexter,,,,,,,,,,,,,
P1579.jpg,Dexter,,,,,,,,,,,,,
P1603.jpg,Dexter,,,,,,,,,,,,,
P1715.jpg,Dexter,,,,,,,,,,,,,
P1727.jpg,Dexter,,,,,,,,,,,,,
P1757.jpg,Dexter,,,,,,,,,,,,,
P1781.jpg,Dexter,,,,,,,,,,,,,
P1799.jpg,Dexter,,,,,,,,,,,,,
P1804.jpg,Dexter,,,,,,,,,,,,,
P1810.jpg,Dexter,,,,,,,,,,,,,
P1816.jpg,Dexter,,,,,,,,,,,,,
P1822.jpg,Dexter,,,,,,,,,,,,,
P1833.jpg,Dexter,,,,,,,,,,,,,
P1841.jpg,Dexter,,,,,,,,,,,,,
P1849.jpg,Dexter,,,,,,,,,,,,,
P1854.jpg,Dexter,,,,,,,,,,,,,
P1861.jpg,Dexter,,,,,,,,,,,,,
P1870.jpg,Dexter,,,,,,,,,,,,,
P1876.jpg,Dexter,,,,,,,,,,,,,
P1880.jpg,Dexter,,,,,,,,,,,,,
P1902.jpg,Dexter,,,,,,,,,,,,,
P1906.jpg,Dexter,,,,,,,,,,,,,
P1956.jpg,Dexter,,,,,,,,,,,,,
P1972.jpg,Dexter,,,,,,,,,,,,,
P1985.jpg,Dexter,,,,,,,,,,,,,
P1998.jpg,Dexter,,,,,,,,,,,,,
P2013.jpg,Dexter,,,,,,,,,,,,,
P2049.jpg,Dexter,,,,,,,,,,,,,
P2088.jpg,Dexter,,,,,,,,,,,,,
P2092.jpg,Dexter,,,,,,,,,,,,,
P2131.jpg,Dexter,,,,,,,,,,,,,
P2197.jpg,Dexter,,,,,,,,,,,,,
P1510.jpg,Dexter 30,,,,,,,,,,,,,
P1227.jpg,Dexter 60,,,,,,,,,,,,,
P1258.jpg,Dexter 60,,,,,,,,,,,,,
P1280.jpg,Dexter 60,,,,,,,,,,,,,
P1497.jpg,Dexter 60,,,,,,,,,,,,,
P1516.jpg,Dexter 60,,,,,,,,,,,,,
P1538.jpg,Dexter 60,,,,,,,,,,,,,
P1545.jpg,Dexter 60,,,,,,,,,,,,,
P1547.jpg,Dexter 60,,,,,,,,,,,,,
P1592.jpg,Dexter 60,,,,,,,,,,,,,
P1622.jpg,Dexter 60,,,,,,,,,,,,,
P1993.jpg,Dexter 60,,,,,,,,,,,,,
P2099.jpg,Dexter 60,,,,,,,,,,,,,
P1253.jpg,Dexter.60,,,,,,,,,,,,,
P2083.jpg,Dexter,,,,,,,,,,,,,
P2435.jpg,Dezlo,,,,,,,,,,,,,
P3420.jpg,Diabetic,,,,,,,,,,,,,
P3429.jpg,Diabetic,,,,,,,,,,,,,
P3519.jpg,Diabetic,,,,,,,,,,,,,
P3544.jpg,Diabetic,,,,,,,,,,,,,
P4055.jpg,Diabetic,,,,,,,,,,,,,
P4188.jpg,Diabetic,,,,,,,,,,,,,
P4264.jpg,Diabetic,,,,,,,,,,,,,
P4276.jpg,Diabetic,,,,,,,,,,,,,
P4340.jpg,Diabetic,,,,,,,,,,,,,
P4460.jpg,Diabetic,,,,,,,,,,,,,
P4490.jpg,diabetic,,,,,,,,,,,,,
P4491.jpg,diabetic,,,,,,,,,,,,,
P4535.jpg,diabetic,,,,,,,,,,,,,
P4585.jpg,diabetic,,,,,,,,,,,,,
P5006.jpg,diabetic,,,,,,,,,,,,,
P4164.jpg,Dia-K,,,,,,,,,,,,,
P0401.jpg,Diaryl,,,,,,,,,,,,,
P0584.jpg,Diaryl,,,,,,,,,,,,,
P5110.jpg,diaryl,,,,,,,,,,,,,
P4560.jpg,dicaltrol,,,,,,,,,,,,,
P3421.jpg,Diet,,,,,,,,,,,,,
P3430.jpg,Diet,,,,,,,,,,,,,
P3441.jpg,Diet,,,,,,,,,,,,,
P3444.jpg,Diet,,,,,,,,,,,,,
P3520.jpg,Diet,,,,,,,,,,,,,
P3545.jpg,Diet,,,,,,,,,,,,,
P3555.jpg,Diet,,,,,,,,,,,,,
P3563.jpg,Diet,,,,,,,,,,,,,
P3588.jpg,Diet,,,,,,,,,,,,,
P3604.jpg,Diet,,,,,,,,,,,,,
P3627.jpg,Diet,,,,,,,,,,,,,
P3630.jpg,Diet,,,,,,,,,,,,,
P3644.jpg,Diet,,,,,,,,,,,,,
P3649.jpg,Diet,,,,,,,,,,,,,
P3653.jpg,Diet,,,,,,,,,,,,,
P3663.jpg,Diet,,,,,,,,,,,,,
P3668.jpg,Diet,,,,,,,,,,,,,
P3672.jpg,Diet,,,,,,,,,,,,,
P3680.jpg,Diet,,,,,,,,,,,,,
P3685.jpg,Diet,,,,,,,,,,,,,
P3691.jpg,Diet,,,,,,,,,,,,,
P3718.jpg,Diet,,,,,,,,,,,,,
P3725.jpg,Diet,,,,,,,,,,,,,
P3726.jpg,Diet,,,,,,,,,,,,,
P3748.jpg,Diet,,,,,,,,,,,,,
P3905.jpg,Diet,,,,,,,,,,,,,
P3947.jpg,Diet,,,,,,,,,,,,,
P3972.jpg,Diet,,,,,,,,,,,,,
P3992.jpg,Diet,,,,,,,,,,,,,
P3998.jpg,Diet,,,,,,,,,,,,,
P4014.jpg,Diet,,,,,,,,,,,,,
P4027.jpg,Diet,,,,,,,,,,,,,
P4054.jpg,Diet,,,,,,,,,,,,,
P4071.jpg,Diet,,,,,,,,,,,,,
P4084.jpg,Diet,,,,,,,,,,,,,
P4085.jpg,Diet,,,,,,,,,,,,,
P4087.jpg,Diet,,,,,,,,,,,,,
P4103.jpg,Diet,,,,,,,,,,,,,
P4119.jpg,Diet,,,,,,,,,,,,,
P4132.jpg,Diet,,,,,,,,,,,,,
P4145.jpg,Diet,,,,,,,,,,,,,
P4183.jpg,Diet,,,,,,,,,,,,,
P4208.jpg,Diet,,,,,,,,,,,,,
P4217.jpg,Diet,,,,,,,,,,,,,
P4221.jpg,Diet,,,,,,,,,,,,,
P4233.jpg,Diet,,,,,,,,,,,,,
P4255.jpg,Diet,,,,,,,,,,,,,
P4263.jpg,Diet,,,,,,,,,,,,,
P4275.jpg,Diet,,,,,,,,,,,,,
P4306.jpg,Diet,,,,,,,,,,,,,
P4311.jpg,Diet,,,,,,,,,,,,,
P4322.jpg,Diet,,,,,,,,,,,,,
P4339.jpg,Diet,,,,,,,,,,,,,
P4355.jpg,Diet,,,,,,,,,,,,,
P4364.jpg,Diet,,,,,,,,,,,,,
P4385.jpg,Diet,,,,,,,,,,,,,
P4420.jpg,Diet,,,,,,,,,,,,,
P4433.jpg,Diet,,,,,,,,,,,,,
P4459.jpg,Diet,,,,,,,,,,,,,
P4489.jpg,diet,,,,,,,,,,,,,
P4518.jpg,diet,,,,,,,,,,,,,
P4524.jpg,diet,,,,,,,,,,,,,
P4530.jpg,diet,,,,,,,,,,,,,
P4534.jpg,diet,,,,,,,,,,,,,
P4567.jpg,diet,,,,,,,,,,,,,
P4568.jpg,diet,,,,,,,,,,,,,
P4584.jpg,diet,,,,,,,,,,,,,
P4600.jpg,diet,,,,,,,,,,,,,
P4602.jpg,diet,,,,,,,,,,,,,
P4619.jpg,diet,,,,,,,,,,,,,
P4622.jpg,diet,,,,,,,,,,,,,
P4646.jpg,diet,,,,,,,,,,,,,
P4649.jpg,diet,,,,,,,,,,,,,
P4670.jpg,diet,,,,,,,,,,,,,
P4673.jpg,diet,,,,,,,,,,,,,
P4703.jpg,diet,,,,,,,,,,,,,
P4717.jpg,diet,,,,,,,,,,,,,
P4740.jpg,diet,,,,,,,,,,,,,
P4743.jpg,diet,,,,,,,,,,,,,
P4777.jpg,diet,,,,,,,,,,,,,
P4780.jpg,diet,,,,,,,,,,,,,
P4791.jpg,diet,,,,,,,,,,,,,
P4808.jpg,diet,,,,,,,,,,,,,
P4819.jpg,diet,,,,,,,,,,,,,
P4845.jpg,diet,,,,,,,,,,,,,
P4996.jpg,diet,,,,,,,,,,,,,
P5005.jpg,diet,,,,,,,,,,,,,
P5007.jpg,diet,,,,,,,,,,,,,
P5178.jpg,diet,,,,,,,,,,,,,
P5188.jpg,diet,,,,,,,,,,,,,
P5230.jpg,diet,,,,,,,,,,,,,
P5268.jpg,diet,,,,,,,,,,,,,
P5517.jpg,diet,,,,,,,,,,,,,
P5528.jpg,diet,,,,,,,,,,,,,
P4245.jpg,Diet ,,,,,,,,,,,,,
P1205.jpg,Dilalyof,,,,,,,,,,,,,
P3166.jpg,Dimex,,,,,,,,,,,,,
P0173.jpg,Dinovo,,,,,,,,,,,,,
P0186.jpg,Dinovo,,,,,,,,,,,,,
P1735.jpg,DINOVO,,,,,,,,,,,,,
P0062.jpg,Disopan,,,,,,,,,,,,,
P0600.jpg,Disopan,,,,,,,,,,,,,
P5187.jpg,dmiden,,,,,,,,,,,,,
P5352.jpg,docopa,,,,,,,,,,,,,
P1713.jpg,Docopc,,,,,,,,,,,,,
P0040.jpg,Domin,,,,,,,,,,,,,
P0066.jpg,Domin,,,,,,,,,,,,,
P1794.jpg,Domin,,,,,,,,,,,,,
P5086.jpg,domin,,,,,,,,,,,,,
P5560.jpg,domin,,,,,,,,,,,,,
P5565.jpg,domin,,,,,,,,,,,,,
P1124.jpg,Dominos,,,,,,,,,,,,,
P0619.jpg,DON A,,,,,,,,,,,,,
P0644.jpg,DON A,,,,,,,,,,,,,
P0668.jpg,DON A,,,,,,,,,,,,,
P0677.jpg,DON A,,,,,,,,,,,,,
P0686.jpg,DON A,,,,,,,,,,,,,
P0978.jpg,Don A,,,,,,,,,,,,,
P1032.jpg,don A,,,,,,,,,,,,,
P1047.jpg,don A,,,,,,,,,,,,,
P1135.jpg,Don A,,,,,,,,,,,,,
P1226.jpg,Don A,,,,,,,,,,,,,
P1237.jpg,Don A,,,,,,,,,,,,,
P1284.jpg,Don A,,,,,,,,,,,,,
P1348.jpg,Don A,,,,,,,,,,,,,
P1461.jpg,Don A,,,,,,,,,,,,,
P1492.jpg,Don A,,,,,,,,,,,,,
P1519.jpg,Don A,,,,,,,,,,,,,
P1700.jpg,Don A,,,,,,,,,,,,,
P1850.jpg,Don A,,,,,,,,,,,,,
P1863.jpg,Don A,,,,,,,,,,,,,
P1884.jpg,Don A,,,,,,,,,,,,,
P2001.jpg,Don A,,,,,,,,,,,,,
P2008.jpg,Don A,,,,,,,,,,,,,
P2036.jpg,Don A,,,,,,,,,,,,,
P2047.jpg,Don A,,,,,,,,,,,,,
P2204.jpg,Don- A,,,,,,,,,,,,,
P1248.jpg,Don-A,,,,,,,,,,,,,
P2593.jpg,Don-A,,,,,,,,,,,,,
P2699.jpg,Don-A,,,,,,,,,,,,,
P2817.jpg,Don-A,,,,,,,,,,,,,
P2985.jpg,Don-A,,,,,,,,,,,,,
P3029.jpg,Don-A,,,,,,,,,,,,,
P3054.jpg,Don-A,,,,,,,,,,,,,
P5036.jpg,don-a,,,,,,,,,,,,,
P5365.jpg,don-a,,,,,,,,,,,,,
P5378.jpg,don-a,,,,,,,,,,,,,
P2748.jpg,Dopecgut,,,,,,,,,,,,,
P0997.jpg,Dophylin,,,,,,,,,,,,,
P1119.jpg,Dophyllin,,,,,,,,,,,,,
P1250.jpg,Dophyllin,,,,,,,,,,,,,
P1288.jpg,Dophyllin,,,,,,,,,,,,,
P2020.jpg,Dophyllinc,,,,,,,,,,,,,
P2167.jpg,Doxicap,,,,,,,,,,,,,
P2481.jpg,Doxicap,,,,,,,,,,,,,
P2485.jpg,Doxicap,,,,,,,,,,,,,
P3174.jpg,Doxicap,,,,,,,,,,,,,
P2455.jpg,Doximax,,,,,,,,,,,,,
P2117.jpg,Doximev,,,,,,,,,,,,,
P2296.jpg,Doxiva,,,,,,,,,,,,,
P2966.jpg,Doxiva,,,,,,,,,,,,,
P5164.jpg,doxiva,,,,,,,,,,,,,
P1031.jpg,doxoven,,,,,,,,,,,,,
P1049.jpg,doxoven,,,,,,,,,,,,,
P1560.jpg,Doxoven,,,,,,,,,,,,,
P1567.jpg,Doxoven,,,,,,,,,,,,,
P1785.jpg,Doxoven,,,,,,,,,,,,,
P1813.jpg,Doxoven,,,,,,,,,,,,,
P1820.jpg,Doxoven,,,,,,,,,,,,,
P1869.jpg,Doxoven,,,,,,,,,,,,,
P1898.jpg,Doxoven,,,,,,,,,,,,,
P5026.jpg,doxva,,,,,,,,,,,,,
P0044.jpg,Doxycap,,,,,,,,,,,,,
P0047.jpg,Doxycap,,,,,,,,,,,,,
P3191.jpg,Doxycap,,,,,,,,,,,,,
P2579.jpg,Drexy,,,,,,,,,,,,,
P1029.jpg,drise,,,,,,,,,,,,,
P3003.jpg,D-Rise,,,,,,,,,,,,,
P3013.jpg,D-Rise,,,,,,,,,,,,,
P3690.jpg,Drop,,,,,,,,,,,,,
P3734.jpg,Drop,,,,,,,,,,,,,
P3742.jpg,Drop,,,,,,,,,,,,,
P3771.jpg,Drop,,,,,,,,,,,,,
P3772.jpg,Drop,,,,,,,,,,,,,
P3789.jpg,Drop,,,,,,,,,,,,,
P4007.jpg,Drop,,,,,,,,,,,,,
P4262.jpg,Drop,,,,,,,,,,,,,
P4523.jpg,drop,,,,,,,,,,,,,
P4770.jpg,drop,,,,,,,,,,,,,
P2372.jpg,Dueblock 5,,,,,,,,,,,,,
P5019.jpg,dulox,,,,,,,,,,,,,
P0107.jpg,Duloxen,,,,,,,,,,,,,
P0225.jpg,Duoblock,,,,,,,,,,,,,
P0473.jpg,Duoblock,,,,,,,,,,,,,
P0494.jpg,Duracef,,,,,,,,,,,,,
P2656.jpg,Duracef,,,,,,,,,,,,,
P2669.jpg,Duracef,,,,,,,,,,,,,
P2797.jpg,Duracef,,,,,,,,,,,,,
P3338.jpg,Duralax,,,,,,,,,,,,,
P2761.jpg,E-cap,,,,,,,,,,,,,
P1992.jpg,Ecerhimu,,,,,,,,,,,,,
P3997.jpg,ECG,,,,,,,,,,,,,
P0008.jpg,Econate,,,,,,,,,,,,,
P0714.jpg,Ecosprin Plus,,,,,,,,,,,,,
P1932.jpg,Ecosprin,,,,,,,,,,,,,
P2452.jpg,Ecosprin,,,,,,,,,,,,,
P3107.jpg,Ecosprin,,,,,,,,,,,,,
P4067.jpg,Ecosprin,,,,,,,,,,,,,
P0396.jpg,Ecosprin,,,,,,,,,,,,,
P0431.jpg,Ecosprin,,,,,,,,,,,,,
P0657.jpg,Ecosprin,,,,,,,,,,,,,
P0994.jpg,Ecosprin,,,,,,,,,,,,,
P2113.jpg,Ecosprin,,,,,,,,,,,,,
P2171.jpg,Ecosprin,,,,,,,,,,,,,
P4472.jpg,ecosprin,,,,,,,,,,,,,
P0206.jpg,Ecosprin Plus,,,,,,,,,,,,,
P1558.jpg,Ecosprin Plus,,,,,,,,,,,,,
P1723.jpg,Ecosprin Plus,,,,,,,,,,,,,
P1372.jpg,Ecoxib,,,,,,,,,,,,,
P3486.jpg,Edeloss,,,,,,,,,,,,,
P2795.jpg,Efedio,,,,,,,,,,,,,
P2108.jpg,Efodio,,,,,,,,,,,,,
P5532.jpg,efodio,,,,,,,,,,,,,
P2974.jpg,E-gel,,,,,,,,,,,,,
P2305.jpg,E-gel 200Iu,,,,,,,,,,,,,
P1742.jpg,Eggcal,,,,,,,,,,,,,
P2635.jpg,Eggcot,,,,,,,,,,,,,
P0027.jpg,Elija,,,,,,,,,,,,,
P0421.jpg,Elodep,,,,,,,,,,,,,
P0175.jpg,Elodep 5,,,,,,,,,,,,,
P0221.jpg,Elodep 5,,,,,,,,,,,,,
P2369.jpg,Elodep 5,,,,,,,,,,,,,
P1826.jpg,Elosfiv plus,,,,,,,,,,,,,
P1003.jpg,Emazid,,,,,,,,,,,,,
P0110.jpg,Emep,,,,,,,,,,,,,
P3176.jpg,Emep,,,,,,,,,,,,,
P3185.jpg,Emep,,,,,,,,,,,,,
P3959.jpg,Emep,,,,,,,,,,,,,
P3968.jpg,Emep,,,,,,,,,,,,,
P4022.jpg,Emep,,,,,,,,,,,,,
P4177.jpg,Emep,,,,,,,,,,,,,
P4191.jpg,Emep,,,,,,,,,,,,,
P4197.jpg,Emep,,,,,,,,,,,,,
P4395.jpg,Emep,,,,,,,,,,,,,
P5121.jpg,emep,,,,,,,,,,,,,
P5185.jpg,emep,,,,,,,,,,,,,
P5298.jpg,emep,,,,,,,,,,,,,
P5414.jpg,emep,,,,,,,,,,,,,
P5530.jpg,emep,,,,,,,,,,,,,
P5537.jpg,emep,,,,,,,,,,,,,
P1979.jpg,Emetid,,,,,,,,,,,,,
P1588.jpg,Emezrd,,,,,,,,,,,,,
P2852.jpg,Emistat,,,,,,,,,,,,,
P3240.jpg,Emistat,,,,,,,,,,,,,
P3252.jpg,Emistat,,,,,,,,,,,,,
P3261.jpg,Emistat,,,,,,,,,,,,,
P3271.jpg,Emistat,,,,,,,,,,,,,
P3281.jpg,Emistat,,,,,,,,,,,,,
P3293.jpg,Emistat,,,,,,,,,,,,,
P3298.jpg,Emistat,,,,,,,,,,,,,
P3303.jpg,Emistat,,,,,,,,,,,,,
P3310.jpg,Emistat,,,,,,,,,,,,,
P3312.jpg,Emistat,,,,,,,,,,,,,
P3319.jpg,Emistat,,,,,,,,,,,,,
P3325.jpg,Emistat,,,,,,,,,,,,,
P3332.jpg,Emistat,,,,,,,,,,,,,
P3351.jpg,Emistat,,,,,,,,,,,,,
P3369.jpg,Emistat,,,,,,,,,,,,,
P3375.jpg,Emistat,,,,,,,,,,,,,
P3387.jpg,Emistat,,,,,,,,,,,,,
P3401.jpg,Emistat,,,,,,,,,,,,,
P3411.jpg,Emistat,,,,,,,,,,,,,
P3426.jpg,Emistat,,,,,,,,,,,,,
P3479.jpg,Emistat,,,,,,,,,,,,,
P3484.jpg,Emistat,,,,,,,,,,,,,
P3493.jpg,Emistat,,,,,,,,,,,,,
P3497.jpg,Emistat,,,,,,,,,,,,,
P3527.jpg,Emistat,,,,,,,,,,,,,
P3537.jpg,Emistat,,,,,,,,,,,,,
P3538.jpg,Emistat,,,,,,,,,,,,,
P3552.jpg,Emistat,,,,,,,,,,,,,
P3553.jpg,Emistat,,,,,,,,,,,,,
P3569.jpg,Emistat,,,,,,,,,,,,,
P3576.jpg,Emistat,,,,,,,,,,,,,
P3584.jpg,Emistat,,,,,,,,,,,,,
P3652.jpg,Emistat,,,,,,,,,,,,,
P3661.jpg,Emistat,,,,,,,,,,,,,
P3729.jpg,Emistat,,,,,,,,,,,,,
P3747.jpg,Emistat,,,,,,,,,,,,,
P3775.jpg,Emistat,,,,,,,,,,,,,
P3783.jpg,Emistat,,,,,,,,,,,,,
P4543.jpg,emistat,,,,,,,,,,,,,
P4575.jpg,emistat,,,,,,,,,,,,,
P4606.jpg,emistat,,,,,,,,,,,,,
P4633.jpg,emistat,,,,,,,,,,,,,
P4656.jpg,emistat,,,,,,,,,,,,,
P4708.jpg,emistat,,,,,,,,,,,,,
P4722.jpg,emistat,,,,,,,,,,,,,
P4759.jpg,emistat,,,,,,,,,,,,,
P4785.jpg,emistat,,,,,,,,,,,,,
P4795.jpg,emistat,,,,,,,,,,,,,
P4806.jpg,emistat,,,,,,,,,,,,,
P4817.jpg,emistat,,,,,,,,,,,,,
P4825.jpg,emistat,,,,,,,,,,,,,
P4840.jpg,emistat,,,,,,,,,,,,,
P4852.jpg,emistat,,,,,,,,,,,,,
P4860.jpg,emistat,,,,,,,,,,,,,
P4868.jpg,emistat,,,,,,,,,,,,,
P4884.jpg,emistat,,,,,,,,,,,,,
P4893.jpg,emistat,,,,,,,,,,,,,
P4898.jpg,emistat,,,,,,,,,,,,,
P4903.jpg,emistat,,,,,,,,,,,,,
P4917.jpg,emistat,,,,,,,,,,,,,
P4948.jpg,emistat,,,,,,,,,,,,,
P4970.jpg,emistat,,,,,,,,,,,,,
P4988.jpg,emistat,,,,,,,,,,,,,
P5107.jpg,emistat,,,,,,,,,,,,,
P5141.jpg,emistat,,,,,,,,,,,,,
P5219.jpg,emistat,,,,,,,,,,,,,
P5119.jpg,emixef,,,,,,,,,,,,,
P5034.jpg,emi-xit,,,,,,,,,,,,,
P1333.jpg,Emjard,,,,,,,,,,,,,
P1552.jpg,Emjard,,,,,,,,,,,,,
P2017.jpg,Emjard,,,,,,,,,,,,,
P0641.jpg,Emlidus,,,,,,,,,,,,,
P1021.jpg,Emlidus,,,,,,,,,,,,,
P1143.jpg,Emlidus,,,,,,,,,,,,,
P1376.jpg,Emlidus,,,,,,,,,,,,,
P1443.jpg,Empofi,,,,,,,,,,,,,
P1688.jpg,Empofi,,,,,,,,,,,,,
P1844.jpg,Empofi,,,,,,,,,,,,,
P1904.jpg,Empofi,,,,,,,,,,,,,
P1953.jpg,Empofi,,,,,,,,,,,,,
P0276.jpg,Emprelina,,,,,,,,,,,,,
P3489.jpg,Endever,,,,,,,,,,,,,
P1212.jpg,Endurex,,,,,,,,,,,,,
P1731.jpg,Endurex,,,,,,,,,,,,,
P1955.jpg,Endurex,,,,,,,,,,,,,
P1358.jpg,Enjard,,,,,,,,,,,,,
P0728.jpg,ENQ,,,,,,,,,,,,,
P3393.jpg,Entecavir,,,,,,,,,,,,,
P0793.jpg,epitra,,,,,,,,,,,,,
P0807.jpg,epitra,,,,,,,,,,,,,
P0831.jpg,epitra,,,,,,,,,,,,,
P0892.jpg,epitra,,,,,,,,,,,,,
P0908.jpg,epitra,,,,,,,,,,,,,
P0921.jpg,Epitra,,,,,,,,,,,,,
P0949.jpg,Epitra,,,,,,,,,,,,,
P3801.jpg,ERP,,,,,,,,,,,,,
P1658.jpg,Es,,,,,,,,,,,,,
P0091.jpg,Esahil,,,,,,,,,,,,,
P0016.jpg,Escilex,,,,,,,,,,,,,
P0602.jpg,escilex,,,,,,,,,,,,,
P0604.jpg,escilex,,,,,,,,,,,,,
P0709.jpg,Escilex,,,,,,,,,,,,,
P0958.jpg,ESCilex,,,,,,,,,,,,,
P0959.jpg,Escilex,,,,,,,,,,,,,
P0975.jpg,Escilex,,,,,,,,,,,,,
P1052.jpg,Escilex,,,,,,,,,,,,,
P1092.jpg,Escilex,,,,,,,,,,,,,
P1131.jpg,Escilex,,,,,,,,,,,,,
P1177.jpg,Escilex,,,,,,,,,,,,,
P1024.jpg,Escolex,,,,,,,,,,,,,
P2406.jpg,Esipram,,,,,,,,,,,,,
P1160.jpg,Eslilex,,,,,,,,,,,,,
P1191.jpg,Eslilex,,,,,,,,,,,,,
P1202.jpg,Eslilex,,,,,,,,,,,,,
P1208.jpg,Eslilex,,,,,,,,,,,,,
P1286.jpg,Eslilex,,,,,,,,,,,,,
P1450.jpg,Eslilex,,,,,,,,,,,,,
P1464.jpg,Eslilex,,,,,,,,,,,,,
P1602.jpg,Eslilex,,,,,,,,,,,,,
P1703.jpg,Eslilex,,,,,,,,,,,,,
P1857.jpg,Eslilex,,,,,,,,,,,,,
P2031.jpg,Eslilex,,,,,,,,,,,,,
P2055.jpg,Eslilex,,,,,,,,,,,,,
P2072.jpg,Eslilex,,,,,,,,,,,,,
P1257.jpg,Eslilex 5,,,,,,,,,,,,,
P1275.jpg,Eslilex 5,,,,,,,,,,,,,
P1458.jpg,Eslilex 5,,,,,,,,,,,,,
P1585.jpg,Eslilex 5,,,,,,,,,,,,,
P1835.jpg,Eslilex 5,,,,,,,,,,,,,
P1936.jpg,Eslilex 5,,,,,,,,,,,,,
P1999.jpg,Eslilex 5,,,,,,,,,,,,,
P0261.jpg,Esmax,,,,,,,,,,,,,
P2581.jpg,Esmax,,,,,,,,,,,,,
P2587.jpg,Esmax,,,,,,,,,,,,,
P2747.jpg,Esmax,,,,,,,,,,,,,
P5055.jpg,esmax,,,,,,,,,,,,,
P5116.jpg,esmax,,,,,,,,,,,,,
P5167.jpg,esmax,,,,,,,,,,,,,
P5173.jpg,esmax,,,,,,,,,,,,,
P5250.jpg,esmax,,,,,,,,,,,,,
P5257.jpg,esmax,,,,,,,,,,,,,
P5342.jpg,esmax,,,,,,,,,,,,,
P5345.jpg,esmax,,,,,,,,,,,,,
P5398.jpg,esmax,,,,,,,,,,,,,
P5575.jpg,esmax,,,,,,,,,,,,,
P2520.jpg,Esobest Mups,,,,,,,,,,,,,
P0118.jpg,Esohil,,,,,,,,,,,,,
P0135.jpg,Esohil,,,,,,,,,,,,,
P0317.jpg,Esohil,,,,,,,,,,,,,
P0337.jpg,Esohil,,,,,,,,,,,,,
P0350.jpg,Esohil,,,,,,,,,,,,,
P0452.jpg,Esohil,,,,,,,,,,,,,
P0460.jpg,Esohil,,,,,,,,,,,,,
P5372.jpg,esohil,,,,,,,,,,,,,
P0249.jpg,Esomand,,,,,,,,,,,,,
P2732.jpg,Esomax,,,,,,,,,,,,,
P2735.jpg,Esomax,,,,,,,,,,,,,
P5279.jpg,esomix,,,,,,,,,,,,,
P0546.jpg,Esonix,,,,,,,,,,,,,
P5156.jpg,esonix,,,,,,,,,,,,,
P2689.jpg,Esoral,,,,,,,,,,,,,
P5224.jpg,esoral,,,,,,,,,,,,,
P0126.jpg,Esotid,,,,,,,,,,,,,
P1387.jpg,Esotid,,,,,,,,,,,,,
P2605.jpg,Esotid,,,,,,,,,,,,,
P2608.jpg,Esotid,,,,,,,,,,,,,
P1685.jpg,Esotid Mups(zx),,,,,,,,,,,,,
P2685.jpg,Esotil,,,,,,,,,,,,,
P0257.jpg,Esover,,,,,,,,,,,,,
P0268.jpg,Esover,,,,,,,,,,,,,
P0742.jpg,esprazo,,,,,,,,,,,,,
P0747.jpg,esprazo,,,,,,,,,,,,,
P0756.jpg,Esprazo,,,,,,,,,,,,,
P0856.jpg,Esprazo,,,,,,,,,,,,,
P0888.jpg,Esprazo,,,,,,,,,,,,,
P0911.jpg,Esprazo,,,,,,,,,,,,,
P0953.jpg,Esprazo,,,,,,,,,,,,,
P0967.jpg,Esprazo,,,,,,,,,,,,,
P1653.jpg,Esprazo,,,,,,,,,,,,,
P1659.jpg,Esprazo,,,,,,,,,,,,,
P2218.jpg,Esprazo,,,,,,,,,,,,,
P2237.jpg,Esprazo,,,,,,,,,,,,,
P2283.jpg,Esprazo,,,,,,,,,,,,,
P2336.jpg,Esprazo,,,,,,,,,,,,,
P2351.jpg,Esprazo,,,,,,,,,,,,,
P2505.jpg,Esprazo,,,,,,,,,,,,,
P2859.jpg,Esprazo,,,,,,,,,,,,,
P2912.jpg,Esprazo,,,,,,,,,,,,,
P2956.jpg,Esprazo,,,,,,,,,,,,,
P2984.jpg,Esprazo,,,,,,,,,,,,,
P3017.jpg,Esprazo,,,,,,,,,,,,,
P3022.jpg,Esprazo,,,,,,,,,,,,,
P3050.jpg,Esprazo,,,,,,,,,,,,,
P3088.jpg,Esprazo,,,,,,,,,,,,,
P2211.jpg,Esprozo,,,,,,,,,,,,,
P2216.jpg,Esprozo,,,,,,,,,,,,,
P2842.jpg,Esprozo,,,,,,,,,,,,,
P0707.jpg,Estes,,,,,,,,,,,,,
P1213.jpg,Estes,,,,,,,,,,,,,
P1449.jpg,Estes,,,,,,,,,,,,,
P1732.jpg,Estes,,,,,,,,,,,,,
P1837.jpg,Estes,,,,,,,,,,,,,
P1954.jpg,Estes,,,,,,,,,,,,,
P1997.jpg,Estes,,,,,,,,,,,,,
P2194.jpg,Estes,,,,,,,,,,,,,
P0603.jpg,Estes 300,,,,,,,,,,,,,
P0617.jpg,Estes 300,,,,,,,,,,,,,
P5270.jpg,etorac,,,,,,,,,,,,,
P5297.jpg,etorac,,,,,,,,,,,,,
P5385.jpg,etorac,,,,,,,,,,,,,
P0071.jpg,Etorix,,,,,,,,,,,,,
P0087.jpg,Etorix,,,,,,,,,,,,,
P0100.jpg,Etorix,,,,,,,,,,,,,
P0134.jpg,Etorix,,,,,,,,,,,,,
P0323.jpg,Etorix,,,,,,,,,,,,,
P1179.jpg,Etorix,,,,,,,,,,,,,
P1347.jpg,Etorix,,,,,,,,,,,,,
P1474.jpg,Etorix,,,,,,,,,,,,,
P1518.jpg,Etorix,,,,,,,,,,,,,
P1806.jpg,Etorix,,,,,,,,,,,,,
P1881.jpg,Etorix,,,,,,,,,,,,,
P1918.jpg,Etorix,,,,,,,,,,,,,
P1995.jpg,Etorix,,,,,,,,,,,,,
P2192.jpg,Etorix,,,,,,,,,,,,,
P2434.jpg,Etorix,,,,,,,,,,,,,
P2682.jpg,Etorix,,,,,,,,,,,,,
P5369.jpg,etorix,,,,,,,,,,,,,
P0712.jpg,E-vit,,,,,,,,,,,,,
P1214.jpg,E-vit,,,,,,,,,,,,,
P1733.jpg,E-vit,,,,,,,,,,,,,
P0009.jpg,Exeptim,,,,,,,,,,,,,
P5064.jpg,exium,,,,,,,,,,,,,
P5217.jpg,exium,,,,,,,,,,,,,
P5540.jpg,exium,,,,,,,,,,,,,
P2188.jpg,Exium Mups,,,,,,,,,,,,,
P2084.jpg,Exlilex 5,,,,,,,,,,,,,
P1673.jpg,Eyium,,,,,,,,,,,,,
P0343.jpg,Eylox,,,,,,,,,,,,,
P0123.jpg,Ezylife,,,,,,,,,,,,,
P0324.jpg,Ezytake,,,,,,,,,,,,,
P0370.jpg,Ezytake,,,,,,,,,,,,,
P0562.jpg,Ezytake,,,,,,,,,,,,,
P5084.jpg,f lubre,,,,,,,,,,,,,
P2706.jpg,Faenor,,,,,,,,,,,,,
P4005.jpg,Famolack,,,,,,,,,,,,,
P0965.jpg,Farofew,,,,,,,,,,,,,
P5223.jpg,faropen,,,,,,,,,,,,,
P1223.jpg,Faropew,,,,,,,,,,,,,
P1439.jpg,Farpev,,,,,,,,,,,,,
P2093.jpg,Fasid Plus,,,,,,,,,,,,,
P2426.jpg,Fasopen,,,,,,,,,,,,,
P3397.jpg,Fatisol,,,,,,,,,,,,,
P2150.jpg,Febun,,,,,,,,,,,,,
P2463.jpg,Febusful,,,,,,,,,,,,,
P2139.jpg,Febustat,,,,,,,,,,,,,
P2143.jpg,Febustat,,,,,,,,,,,,,
P5467.jpg,febustat,,,,,,,,,,,,,
P1173.jpg,feeviu,,,,,,,,,,,,,
P5483.jpg,femotol,,,,,,,,,,,,,
P5485.jpg,femotol,,,,,,,,,,,,,
P5490.jpg,femotol,,,,,,,,,,,,,
P0613.jpg,Fenadin,,,,,,,,,,,,,
P0628.jpg,Fenadin,,,,,,,,,,,,,
P0673.jpg,Fenadin,,,,,,,,,,,,,
P0700.jpg,Fenadin,,,,,,,,,,,,,
P1070.jpg,Fenadin,,,,,,,,,,,,,
P3109.jpg,Fenadin,,,,,,,,,,,,,
P3154.jpg,Fenadin,,,,,,,,,,,,,
P3987.jpg,Fenadin,,,,,,,,,,,,,
P4476.jpg,fenadin,,,,,,,,,,,,,
P4486.jpg,fenadin,,,,,,,,,,,,,
P4504.jpg,fenadin,,,,,,,,,,,,,
P1891.jpg,Fenafir,,,,,,,,,,,,,
P1892.jpg,Fenafir,,,,,,,,,,,,,
P5226.jpg,fenisen,,,,,,,,,,,,,
P0951.jpg,Fenix,,,,,,,,,,,,,
P0838.jpg,Fenix-v,,,,,,,,,,,,,
P0877.jpg,fenix-v,,,,,,,,,,,,,
P0930.jpg,Fenix-v,,,,,,,,,,,,,
P2253.jpg,Fenix-V,,,,,,,,,,,,,
P2258.jpg,Fenix-V,,,,,,,,,,,,,
P2276.jpg,Fenix-V,,,,,,,,,,,,,
P2282.jpg,Fenix-V,,,,,,,,,,,,,
P2317.jpg,Fenix-V,,,,,,,,,,,,,
P2322.jpg,Fenix-V,,,,,,,,,,,,,
P2341.jpg,Fenix-V,,,,,,,,,,,,,
P2816.jpg,Fenix-V,,,,,,,,,,,,,
P2840.jpg,Fenix-V,,,,,,,,,,,,,
P2867.jpg,Fenix-V,,,,,,,,,,,,,
P2919.jpg,Fenix-V,,,,,,,,,,,,,
P2934.jpg,Fenix-V,,,,,,,,,,,,,
P2955.jpg,Fenix-V,,,,,,,,,,,,,
P2992.jpg,Fenix-V,,,,,,,,,,,,,
P2998.jpg,Fenix-V,,,,,,,,,,,,,
P3015.jpg,Fenix-V,,,,,,,,,,,,,
P3063.jpg,Fenix-V,,,,,,,,,,,,,
P3066.jpg,Fenix-V,,,,,,,,,,,,,
P1397.jpg,Fenodin,,,,,,,,,,,,,
P1814.jpg,Fensiv,,,,,,,,,,,,,
P2224.jpg,Fentizol,,,,,,,,,,,,,
P2865.jpg,Fentizol,,,,,,,,,,,,,
P1642.jpg,Ferix-V,,,,,,,,,,,,,
P1651.jpg,ferix-v,,,,,,,,,,,,,
P1656.jpg,ferix-v,,,,,,,,,,,,,
P1674.jpg,ferix-v,,,,,,,,,,,,,
P2202.jpg,Ferix-V,,,,,,,,,,,,,
P2209.jpg,Ferix-V,,,,,,,,,,,,,
P2671.jpg,Ferix-V,,,,,,,,,,,,,
P2899.jpg,Ferix-v,,,,,,,,,,,,,
P2943.jpg,Ferix-v,,,,,,,,,,,,,
P1896.jpg,Feropen,,,,,,,,,,,,,
P2303.jpg,Ferti-Q,,,,,,,,,,,,,
P2972.jpg,Ferti-Q,,,,,,,,,,,,,
P4360.jpg,Feryx,,,,,,,,,,,,,
P2613.jpg,Festam gel,,,,,,,,,,,,,
P1771.jpg,Feufiv,,,,,,,,,,,,,
P0315.jpg,Feup,,,,,,,,,,,,,
P0526.jpg,Feup,,,,,,,,,,,,,
P1424.jpg,Feursilal,,,,,,,,,,,,,
P2014.jpg,Feusiv,,,,,,,,,,,,,
P1194.jpg,fevaliv,,,,,,,,,,,,,
P3119.jpg,Fexofast,,,,,,,,,,,,,
P3126.jpg,Fexofast,,,,,,,,,,,,,
P4094.jpg,Fexofast,,,,,,,,,,,,,
P4110.jpg,Fexofast,,,,,,,,,,,,,
P2704.jpg,Fexit,,,,,,,,,,,,,
P2733.jpg,Fexit,,,,,,,,,,,,,
P2734.jpg,Fexit,,,,,,,,,,,,,
P0058.jpg,FEXO,,,,,,,,,,,,,
P0662.jpg,fexo,,,,,,,,,,,,,
P2190.jpg,Fexo,,,,,,,,,,,,,
P2831.jpg,Fexo,,,,,,,,,,,,,
P3216.jpg,Fexo,,,,,,,,,,,,,
P3218.jpg,Fexo,,,,,,,,,,,,,
P3301.jpg,Fexo,,,,,,,,,,,,,
P3353.jpg,Fexo,,,,,,,,,,,,,
P3403.jpg,Fexo,,,,,,,,,,,,,
P3666.jpg,Fexo,,,,,,,,,,,,,
P3929.jpg,Fexo,,,,,,,,,,,,,
P4010.jpg,Fexo,,,,,,,,,,,,,
P4215.jpg,Fexo,,,,,,,,,,,,,
P4254.jpg,Fexo,,,,,,,,,,,,,
P4326.jpg,Fexo,,,,,,,,,,,,,
P5148.jpg,fexo,,,,,,,,,,,,,
P5319.jpg,fexo,,,,,,,,,,,,,
P2345.jpg,Fexo 120,,,,,,,,,,,,,
P5176.jpg,fexocon,,,,,,,,,,,,,
P3212.jpg,Fexofast,,,,,,,,,,,,,
P4247.jpg,Fexofast,,,,,,,,,,,,,
P3114.jpg,Fexofenadine,,,,,,,,,,,,,
P3199.jpg,Fexofenadine,,,,,,,,,,,,,
P3201.jpg,Fexofenadine,,,,,,,,,,,,,
P3236.jpg,Fexofenadine,,,,,,,,,,,,,
P3944.jpg,Fexofenadinee,,,,,,,,,,,,,
P4080.jpg,Fexofenadinee,,,,,,,,,,,,,
P4207.jpg,Fexofenadinee,,,,,,,,,,,,,
P4350.jpg,Fexofenadinee,,,,,,,,,,,,,
P4418.jpg,Fexofenadinee,,,,,,,,,,,,,
P4426.jpg,Fexofenadinee,,,,,,,,,,,,,
P4440.jpg,Fexofenadinee,,,,,,,,,,,,,
P4528.jpg,Fexofast,,,,,,,,,,,,,
P4039.jpg,Fexofast,,,,,,,,,,,,,
P4045.jpg,Fexofast,,,,,,,,,,,,,
P2404.jpg,Fexolet M,,,,,,,,,,,,,
P2016.jpg,figfimef,,,,,,,,,,,,,
P1761.jpg,filmef,,,,,,,,,,,,,
P0283.jpg,Filmet,,,,,,,,,,,,,
P2638.jpg,Filmet,,,,,,,,,,,,,
P2698.jpg,Filmet,,,,,,,,,,,,,
P2716.jpg,Filmet,,,,,,,,,,,,,
P2722.jpg,Filmet,,,,,,,,,,,,,
P2848.jpg,Filmet,,,,,,,,,,,,,
P4325.jpg,Filmet,,,,,,,,,,,,,
P5294.jpg,filmet,,,,,,,,,,,,,
P5364.jpg,filmet,,,,,,,,,,,,,
P5377.jpg,filmet,,,,,,,,,,,,,
P5386.jpg,filmet,,,,,,,,,,,,,
P5510.jpg,filmet,,,,,,,,,,,,,
P4936.jpg,filnet,,,,,,,,,,,,,
P2422.jpg,Filofer,,,,,,,,,,,,,
P2650.jpg,Filofer,,,,,,,,,,,,,
P1665.jpg,Filoter,,,,,,,,,,,,,
P1325.jpg,Filwef,,,,,,,,,,,,,
P1350.jpg,Filwef,,,,,,,,,,,,,
P1521.jpg,Filwef Gold,,,,,,,,,,,,,
P5087.jpg,fimix,,,,,,,,,,,,,
P3389.jpg,Fimoxyclav,,,,,,,,,,,,,
P3512.jpg,Fimoxyclav,,,,,,,,,,,,,
P3698.jpg,Fimoxyl,,,,,,,,,,,,,
P0542.jpg,Finix,,,,,,,,,,,,,
P0984.jpg,finix,,,,,,,,,,,,,
P2541.jpg,Finix,,,,,,,,,,,,,
P5495.jpg,finix,,,,,,,,,,,,,
P5502.jpg,finix,,,,,,,,,,,,,
P3221.jpg,Fixal,,,,,,,,,,,,,
P4269.jpg,Fixal,,,,,,,,,,,,,
P5477.jpg,fixalrt,,,,,,,,,,,,,
P3227.jpg,Fixcef,,,,,,,,,,,,,
P0269.jpg,Fixcef Plus,,,,,,,,,,,,,
P4280.jpg,Fixcel,,,,,,,,,,,,,
P0496.jpg,Fixgul,,,,,,,,,,,,,
P0286.jpg,Fixgut,,,,,,,,,,,,,
P0296.jpg,Fixgut,,,,,,,,,,,,,
P0305.jpg,Fixgut,,,,,,,,,,,,,
P0591.jpg,Fixgut,,,,,,,,,,,,,
P2358.jpg,Fixgut,,,,,,,,,,,,,
P2450.jpg,Fixgut,,,,,,,,,,,,,
P2679.jpg,Fixgut,,,,,,,,,,,,,
P2806.jpg,Fixgut,,,,,,,,,,,,,
P5123.jpg,fixgut,,,,,,,,,,,,,
P5158.jpg,fixgut,,,,,,,,,,,,,
P5181.jpg,fixgut,,,,,,,,,,,,,
P5236.jpg,fixgut,,,,,,,,,,,,,
P5241.jpg,fixgut,,,,,,,,,,,,,
P5405.jpg,fixgut,,,,,,,,,,,,,
P5444.jpg,fixgut,,,,,,,,,,,,,
P5472.jpg,fixgut,,,,,,,,,,,,,
P5473.jpg,fixgut,,,,,,,,,,,,,
P5512.jpg,fixgut,,,,,,,,,,,,,
P2439.jpg,Fixgut 10,,,,,,,,,,,,,
P0108.jpg,Fixocard,,,,,,,,,,,,,
P0581.jpg,Fixocard,,,,,,,,,,,,,
P5129.jpg,fixocard,,,,,,,,,,,,,
P5198.jpg,flacol,,,,,,,,,,,,,
P0368.jpg,Flamex,,,,,,,,,,,,,
P0986.jpg,FLAMEX,,,,,,,,,,,,,
P2731.jpg,Flamex,,,,,,,,,,,,,
P3235.jpg,Flamex,,,,,,,,,,,,,
P3888.jpg,Flamex,,,,,,,,,,,,,
P4053.jpg,Flamex,,,,,,,,,,,,,
P4343.jpg,Flamex,,,,,,,,,,,,,
P4376.jpg,Flamex,,,,,,,,,,,,,
P4520.jpg,flamex,,,,,,,,,,,,,
P4747.jpg,flamex,,,,,,,,,,,,,
P5339.jpg,flamex,,,,,,,,,,,,,
P0695.jpg,Flamfix,,,,,,,,,,,,,
P0588.jpg,Flamyd,,,,,,,,,,,,,
P2787.jpg,Flamyd,,,,,,,,,,,,,
P5202.jpg,flamyd,,,,,,,,,,,,,
P5259.jpg,flamyd,,,,,,,,,,,,,
P5323.jpg,flamyd,,,,,,,,,,,,,
P5394.jpg,flamyd,,,,,,,,,,,,,
P5520.jpg,flamyd,,,,,,,,,,,,,
P2538.jpg,Flayd,,,,,,,,,,,,,
P2968.jpg,Fleme max,,,,,,,,,,,,,
P5283.jpg,flemex,,,,,,,,,,,,,
P2393.jpg,Flemex Plus,,,,,,,,,,,,,
P1525.jpg,Flemorif,,,,,,,,,,,,,
P2751.jpg,Flenex Dew,,,,,,,,,,,,,
P0569.jpg,Flexi,,,,,,,,,,,,,
P1080.jpg,Flexi,,,,,,,,,,,,,
P2752.jpg,Flexibac,,,,,,,,,,,,,
P1506.jpg,Flexinor,,,,,,,,,,,,,
P2646.jpg,Flubex,,,,,,,,,,,,,
P2647.jpg,Flubex,,,,,,,,,,,,,
P3558.jpg,Fluclox,,,,,,,,,,,,,
P3593.jpg,Fluclox,,,,,,,,,,,,,
P3602.jpg,Fluclox,,,,,,,,,,,,,
P3867.jpg,Fluclox,,,,,,,,,,,,,
P3883.jpg,Fluclox,,,,,,,,,,,,,
P3896.jpg,Fluclox,,,,,,,,,,,,,
P3910.jpg,Fluclox,,,,,,,,,,,,,
P3915.jpg,Fluclox,,,,,,,,,,,,,
P4122.jpg,Fluclox,,,,,,,,,,,,,
P4370.jpg,Fluclox,,,,,,,,,,,,,
P4424.jpg,Fluclox,,,,,,,,,,,,,
P4438.jpg,Fluclox,,,,,,,,,,,,,
P5432.jpg,fluclox,,,,,,,,,,,,,
P4478.jpg,Fluclox,,,,,,,,,,,,,
P3567.jpg,Flucloxacillin,,,,,,,,,,,,,
P3583.jpg,Flucloxacillin,,,,,,,,,,,,,
P4514.jpg,flucloxacillin,,,,,,,,,,,,,
P1184.jpg,Flucloxin,,,,,,,,,,,,,
P2355.jpg,Flucloxin,,,,,,,,,,,,,
P3131.jpg,Fluelox,,,,,,,,,,,,,
P0828.jpg,Flugal,,,,,,,,,,,,,
P0848.jpg,Flugal,,,,,,,,,,,,,
P0869.jpg,Flugal,,,,,,,,,,,,,
P0922.jpg,Flugal,,,,,,,,,,,,,
P0944.jpg,Flugal,,,,,,,,,,,,,
P1346.jpg,Flugal,,,,,,,,,,,,,
P1430.jpg,Flugal,,,,,,,,,,,,,
P1625.jpg,Flugal,,,,,,,,,,,,,
P1628.jpg,Flugal,,,,,,,,,,,,,
P1634.jpg,Flugal,,,,,,,,,,,,,
P2222.jpg,Flugal,,,,,,,,,,,,,
P2248.jpg,Flugal,,,,,,,,,,,,,
P2492.jpg,Flugal,,,,,,,,,,,,,
P3704.jpg,Flugal,,,,,,,,,,,,,
P0781.jpg,Flugal,,,,,,,,,,,,,
P0802.jpg,Flugal,,,,,,,,,,,,,
P3023.jpg,Flugat,,,,,,,,,,,,,
P3052.jpg,Flugat,,,,,,,,,,,,,
P3058.jpg,Flugat,,,,,,,,,,,,,
P2863.jpg,Flugal,,,,,,,,,,,,,
P2894.jpg,Flugal,,,,,,,,,,,,,
P2916.jpg,Flugal,,,,,,,,,,,,,
P4051.jpg,Fluma,,,,,,,,,,,,,
P5277.jpg,flurif,,,,,,,,,,,,,
P0282.jpg,Flux,,,,,,,,,,,,,
P2409.jpg,Flux,,,,,,,,,,,,,
P2590.jpg,Flux,,,,,,,,,,,,,
P2658.jpg,Flux,,,,,,,,,,,,,
P2674.jpg,Flux,,,,,,,,,,,,,
P2688.jpg,Flux,,,,,,,,,,,,,
P2696.jpg,Flux,,,,,,,,,,,,,
P2801.jpg,Flux,,,,,,,,,,,,,
P3993.jpg,Flux,,,,,,,,,,,,,
P4002.jpg,Flux,,,,,,,,,,,,,
P4391.jpg,Flux,,,,,,,,,,,,,
P5067.jpg,flux,,,,,,,,,,,,,
P5075.jpg,flux,,,,,,,,,,,,,
P5361.jpg,flux,,,,,,,,,,,,,
P5375.jpg,flux,,,,,,,,,,,,,
P5387.jpg,flux,,,,,,,,,,,,,
P5508.jpg,flux,,,,,,,,,,,,,
P2135.jpg,Flv,,,,,,,,,,,,,
P3711.jpg,Folison,,,,,,,,,,,,,
P3753.jpg,Folison,,,,,,,,,,,,,
P3841.jpg,Folison,,,,,,,,,,,,,
P1054.jpg,Folita 5,,,,,,,,,,,,,
P1088.jpg,folive,,,,,,,,,,,,,
P0155.jpg,Follison,,,,,,,,,,,,,
P3624.jpg,Follison,,,,,,,,,,,,,
P0740.jpg,folzin,,,,,,,,,,,,,
P0755.jpg,folzin,,,,,,,,,,,,,
P0768.jpg,folzin,,,,,,,,,,,,,
P0775.jpg,Folzin,,,,,,,,,,,,,
P0787.jpg,Folzin,,,,,,,,,,,,,
P0792.jpg,Folzin,,,,,,,,,,,,,
P0808.jpg,Folzin,,,,,,,,,,,,,
P0817.jpg,Folzin,,,,,,,,,,,,,
P0832.jpg,Folzin,,,,,,,,,,,,,
P0855.jpg,Folzin,,,,,,,,,,,,,
P0862.jpg,Folzin,,,,,,,,,,,,,
P0895.jpg,Folzin,,,,,,,,,,,,,
P0909.jpg,Folzin,,,,,,,,,,,,,
P0924.jpg,Folzin,,,,,,,,,,,,,
P0936.jpg,Folzin,,,,,,,,,,,,,
P1101.jpg,Folzin,,,,,,,,,,,,,
P2905.jpg,Folzin-Cl,,,,,,,,,,,,,
P2949.jpg,Folzin-Cl,,,,,,,,,,,,,
P3028.jpg,Folzin-Cl,,,,,,,,,,,,,
P2123.jpg,FONA,,,,,,,,,,,,,
P2268.jpg,Fossical D,,,,,,,,,,,,,
P2333.jpg,Fossical D,,,,,,,,,,,,,
P2933.jpg,Fossical D,,,,,,,,,,,,,
P0055.jpg,Fougest,,,,,,,,,,,,,
P1456.jpg,fpeimcore,,,,,,,,,,,,,
P1767.jpg,Frabex,,,,,,,,,,,,,
P3092.jpg,Fremit,,,,,,,,,,,,,
P2147.jpg,Frenxil,,,,,,,,,,,,,
P0575.jpg,Frenxit,,,,,,,,,,,,,
P2470.jpg,Frenxit,,,,,,,,,,,,,
P2491.jpg,Frenxit,,,,,,,,,,,,,
P1136.jpg,frframf 40,,,,,,,,,,,,,
P2532.jpg,Frulac,,,,,,,,,,,,,
P2624.jpg,Frulac,,,,,,,,,,,,,
P2726.jpg,Frulac,,,,,,,,,,,,,
P2769.jpg,Frulac,,,,,,,,,,,,,
P3007.jpg,Frulac,,,,,,,,,,,,,
P0093.jpg,Frulae,,,,,,,,,,,,,
P3205.jpg,Fuclav,,,,,,,,,,,,,
P3206.jpg,Fuclav,,,,,,,,,,,,,
P4224.jpg,Fuclav,,,,,,,,,,,,,
P4236.jpg,Fuclav,,,,,,,,,,,,,
P5183.jpg,fuclav,,,,,,,,,,,,,
P3040.jpg,Flugal,,,,,,,,,,,,,
P1641.jpg,fun cream,,,,,,,,,,,,,
P0845.jpg,Fungidal,,,,,,,,,,,,,
P0033.jpg,Furocef,,,,,,,,,,,,,
P2294.jpg,Furocef,,,,,,,,,,,,,
P2720.jpg,Furocef,,,,,,,,,,,,,
P2964.jpg,Furocef,,,,,,,,,,,,,
P2808.jpg,Furoclav,,,,,,,,,,,,,
P4597.jpg,furoclav,,,,,,,,,,,,,
P5276.jpg,furonaaf,,,,,,,,,,,,,
P0466.jpg,Furotil,,,,,,,,,,,,,
P0521.jpg,Furotil Plus,,,,,,,,,,,,,
P4008.jpg,Furotil Plus,,,,,,,,,,,,,
P0598.jpg,fusid,,,,,,,,,,,,,
P1001.jpg,Fusid,,,,,,,,,,,,,
P1073.jpg,Fusid,,,,,,,,,,,,,
P1289.jpg,Fusil Plm,,,,,,,,,,,,,
P2085.jpg,Fxsid Plus,,,,,,,,,,,,,
P0098.jpg,Fylox,,,,,,,,,,,,,
P0382.jpg,Fylox,,,,,,,,,,,,,
P0404.jpg,Fylox,,,,,,,,,,,,,
P0511.jpg,Fylox,,,,,,,,,,,,,
P2564.jpg,Fylox,,,,,,,,,,,,,
P1650.jpg,fzsprazo,,,,,,,,,,,,,
P4500.jpg,gaba p,,,,,,,,,,,,,
P2206.jpg,Gagwol,,,,,,,,,,,,,
P2213.jpg,Garcon,,,,,,,,,,,,,
P2844.jpg,Garcon,,,,,,,,,,,,,
P0885.jpg,gascon,,,,,,,,,,,,,
P0900.jpg,gascon,,,,,,,,,,,,,
P5273.jpg,gascon,,,,,,,,,,,,,
P5559.jpg,gasnil,,,,,,,,,,,,,
P5564.jpg,gasnil,,,,,,,,,,,,,
P1006.jpg,gaviflux,,,,,,,,,,,,,
P1012.jpg,gaviflux,,,,,,,,,,,,,
P1045.jpg,gaviflux,,,,,,,,,,,,,
P5344.jpg,gavilac,,,,,,,,,,,,,
P0478.jpg,Gavinaaf,,,,,,,,,,,,,
P0493.jpg,Gavinaaf,,,,,,,,,,,,,
P2423.jpg,Gavisus,,,,,,,,,,,,,
P2651.jpg,Gavisus,,,,,,,,,,,,,
P2075.jpg,Gavitfep,,,,,,,,,,,,,
P1283.jpg,Gavitfx,,,,,,,,,,,,,
P0660.jpg,Gefapix,,,,,,,,,,,,,
P0649.jpg,Gel,,,,,,,,,,,,,
P0745.jpg,geolan,,,,,,,,,,,,,
P0822.jpg,geolan,,,,,,,,,,,,,
P0837.jpg,geolan,,,,,,,,,,,,,
P0942.jpg,geolan,,,,,,,,,,,,,
P2925.jpg,Geotoenol,,,,,,,,,,,,,
P2264.jpg,Geoton,,,,,,,,,,,,,
P2329.jpg,Geoton,,,,,,,,,,,,,
P2512.jpg,Geoton,,,,,,,,,,,,,
P3001.jpg,Geoton,,,,,,,,,,,,,
P2257.jpg,Geotrenol,,,,,,,,,,,,,
P2904.jpg,Geotrenol,,,,,,,,,,,,,
P1721.jpg,Gerfon,,,,,,,,,,,,,
P1751.jpg,Gerfon,,,,,,,,,,,,,
P0767.jpg,Gerhinal,,,,,,,,,,,,,
P2207.jpg,Gerlon,,,,,,,,,,,,,
P2832.jpg,Germicord,,,,,,,,,,,,,
P2819.jpg,Geslon,,,,,,,,,,,,,
P2708.jpg,Gestin,,,,,,,,,,,,,
P0414.jpg,Gestirenol,,,,,,,,,,,,,
P3072.jpg,Geston,,,,,,,,,,,,,
P0314.jpg,Gestrenol,,,,,,,,,,,,,
P0525.jpg,Gestrenol,,,,,,,,,,,,,
P0860.jpg,Gestrenol,,,,,,,,,,,,,
P0868.jpg,Gestrenol,,,,,,,,,,,,,
P0884.jpg,Gestrenol,,,,,,,,,,,,,
P0901.jpg,Gestrenol,,,,,,,,,,,,,
P0914.jpg,Gestrenol,,,,,,,,,,,,,
P0929.jpg,Gestrenol,,,,,,,,,,,,,
P1109.jpg,gestrenol,,,,,,,,,,,,,
P1015.jpg,ginoba,,,,,,,,,,,,,
P1792.jpg,Ginoba,,,,,,,,,,,,,
P0329.jpg,Gintabac,,,,,,,,,,,,,
P0706.jpg,Gintex,,,,,,,,,,,,,
P0730.jpg,Gintex,,,,,,,,,,,,,
P1839.jpg,Gintex,,,,,,,,,,,,,
P1957.jpg,Gintex,,,,,,,,,,,,,
P4498.jpg,glanine,,,,,,,,,,,,,
P4181.jpg,Glarine,,,,,,,,,,,,,
P4331.jpg,Glarine,,,,,,,,,,,,,
P3181.jpg,Glasin,,,,,,,,,,,,,
P1909.jpg,Glicid,,,,,,,,,,,,,
P5291.jpg,glinta,,,,,,,,,,,,,
P0633.jpg,Glymed,,,,,,,,,,,,,
P1167.jpg,Glymfa,,,,,,,,,,,,,
P1172.jpg,Glymfa,,,,,,,,,,,,,
P1203.jpg,Glymfa,,,,,,,,,,,,,
P3237.jpg,Glyset vita,,,,,,,,,,,,,
P2833.jpg,Glysup,,,,,,,,,,,,,
P5144.jpg,glysup,,,,,,,,,,,,,
P2602.jpg,Glyxan,,,,,,,,,,,,,
P2851.jpg,G-pethidne,,,,,,,,,,,,,
P1759.jpg,Greemox,,,,,,,,,,,,,
P1996.jpg,Greemox,,,,,,,,,,,,,
P1326.jpg,Greenox,,,,,,,,,,,,,
P1351.jpg,Greenox,,,,,,,,,,,,,
P1522.jpg,Greenox,,,,,,,,,,,,,
P1933.jpg,GTN,,,,,,,,,,,,,
P1176.jpg,halconf,,,,,,,,,,,,,
P1867.jpg,halconl Dx,,,,,,,,,,,,,
P1967.jpg,halcorl,,,,,,,,,,,,,
P1134.jpg,hallornl Dx,,,,,,,,,,,,,
P4718.jpg,hansol,,,,,,,,,,,,,
P4719.jpg,hansol,,,,,,,,,,,,,
P4184.jpg,Hartman,,,,,,,,,,,,,
P3334.jpg,Hastaol,,,,,,,,,,,,,
P0312.jpg,Hemofir FZ,,,,,,,,,,,,,
P0523.jpg,hemofix,,,,,,,,,,,,,
P3528.jpg,Hemofix,,,,,,,,,,,,,
P4473.jpg,hepamore,,,,,,,,,,,,,
P4069.jpg,Hepanor,,,,,,,,,,,,,
P2063.jpg,Hepeximin,,,,,,,,,,,,,
P3108.jpg,Heranor,,,,,,,,,,,,,
P1756.jpg,Hermoquf,,,,,,,,,,,,,
P0548.jpg,herpex,,,,,,,,,,,,,
P1789.jpg,Hexinor,,,,,,,,,,,,,
P4663.jpg,hici,,,,,,,,,,,,,
P4621.jpg,high,,,,,,,,,,,,,
P4647.jpg,high,,,,,,,,,,,,,
P4671.jpg,high,,,,,,,,,,,,,
P4690.jpg,high,,,,,,,,,,,,,
P4716.jpg,high,,,,,,,,,,,,,
P4741.jpg,high,,,,,,,,,,,,,
P4778.jpg,high,,,,,,,,,,,,,
P4820.jpg,high,,,,,,,,,,,,,
P4846.jpg,high,,,,,,,,,,,,,
P4853.jpg,high,,,,,,,,,,,,,
P4894.jpg,high,,,,,,,,,,,,,
P3099.jpg,Histacin,,,,,,,,,,,,,
P3232.jpg,Histacin,,,,,,,,,,,,,
P3730.jpg,Histacin,,,,,,,,,,,,,
P3738.jpg,Histacin,,,,,,,,,,,,,
P3776.jpg,Histacin,,,,,,,,,,,,,
P3785.jpg,Histacin,,,,,,,,,,,,,
P3882.jpg,Histacin,,,,,,,,,,,,,
P3895.jpg,Histacin,,,,,,,,,,,,,
P3920.jpg,Histacin,,,,,,,,,,,,,
P3926.jpg,Histacin,,,,,,,,,,,,,
P3979.jpg,Histacin,,,,,,,,,,,,,
P4290.jpg,Histacin,,,,,,,,,,,,,
P4317.jpg,Histacin,,,,,,,,,,,,,
P4378.jpg,Histacin,,,,,,,,,,,,,
P4397.jpg,Histacin,,,,,,,,,,,,,
P4583.jpg,histacin,,,,,,,,,,,,,
P4618.jpg,histacin,,,,,,,,,,,,,
P4643.jpg,histacin,,,,,,,,,,,,,
P4660.jpg,histacin,,,,,,,,,,,,,
P4681.jpg,histacin,,,,,,,,,,,,,
P4710.jpg,histacin,,,,,,,,,,,,,
P4724.jpg,histacin,,,,,,,,,,,,,
P4751.jpg,histacin,,,,,,,,,,,,,
P4788.jpg,histacin,,,,,,,,,,,,,
P4800.jpg,histacin,,,,,,,,,,,,,
P4876.jpg,histacin,,,,,,,,,,,,,
P4886.jpg,histacin,,,,,,,,,,,,,
P4901.jpg,histacin,,,,,,,,,,,,,
P4908.jpg,histacin,,,,,,,,,,,,,
P4924.jpg,histacin,,,,,,,,,,,,,
P4945.jpg,histacin,,,,,,,,,,,,,
P4951.jpg,histacin,,,,,,,,,,,,,
P4992.jpg,histacin,,,,,,,,,,,,,
P5001.jpg,histacin,,,,,,,,,,,,,
P5011.jpg,histacin,,,,,,,,,,,,,
P3887.jpg,Histal,,,,,,,,,,,,,
P4017.jpg,Histal,,,,,,,,,,,,,
P4738.jpg,histal,,,,,,,,,,,,,
P4766.jpg,histal,,,,,,,,,,,,,
P4803.jpg,histal,,,,,,,,,,,,,
P4813.jpg,histal,,,,,,,,,,,,,
P4830.jpg,histal,,,,,,,,,,,,,
P4842.jpg,histal,,,,,,,,,,,,,
P4863.jpg,histal,,,,,,,,,,,,,
P4965.jpg,histal,,,,,,,,,,,,,
P4230.jpg,Histat,,,,,,,,,,,,,
P4242.jpg,Histat,,,,,,,,,,,,,
P3209.jpg,Histol,,,,,,,,,,,,,
P2552.jpg,Hot Compression,,,,,,,,,,,,,
P0019.jpg,HPR DS,,,,,,,,,,,,,
P0042.jpg,HPR DS,,,,,,,,,,,,,
P0580.jpg,HPR DS,,,,,,,,,,,,,
P1436.jpg,HPR DS,,,,,,,,,,,,,
P5484.jpg,hpr ds,,,,,,,,,,,,,
P1129.jpg,hulilax 24,,,,,,,,,,,,,
P2046.jpg,hutilax,,,,,,,,,,,,,
P3713.jpg,Hydronix,,,,,,,,,,,,,
P4344.jpg,Ibuprofen,,,,,,,,,,,,,
P3727.jpg,Imipenem,,,,,,,,,,,,,
P3779.jpg,Imipenem,,,,,,,,,,,,,
P0474.jpg,Inderal,,,,,,,,,,,,,
P0002.jpg,Inderen,,,,,,,,,,,,,
P0003.jpg,Indever,,,,,,,,,,,,,
P0063.jpg,Indever,,,,,,,,,,,,,
P0141.jpg,Indever,,,,,,,,,,,,,
P0163.jpg,Indever,,,,,,,,,,,,,
P1630.jpg,Indever,,,,,,,,,,,,,
P2175.jpg,Indever,,,,,,,,,,,,,
P3204.jpg,Indever,,,,,,,,,,,,,
P0070.jpg,Indever 10,,,,,,,,,,,,,
P0195.jpg,Indever 20,,,,,,,,,,,,,
P1684.jpg,Indever f,,,,,,,,,,,,,
P2405.jpg,Indevex,,,,,,,,,,,,,
P1192.jpg,Indiver,,,,,,,,,,,,,
P0299.jpg,Indo,,,,,,,,,,,,,
P0538.jpg,Indo,,,,,,,,,,,,,
P0549.jpg,Indo,,,,,,,,,,,,,
P0556.jpg,Indo,,,,,,,,,,,,,
P2578.jpg,Indo,,,,,,,,,,,,,
P2772.jpg,Indo,,,,,,,,,,,,,
P5280.jpg,indo,,,,,,,,,,,,,
P2151.jpg,Indooref,,,,,,,,,,,,,
P1515.jpg,Indover 10,,,,,,,,,,,,,
P4493.jpg,inj,,,,,,,,,,,,,
P4495.jpg,inj,,,,,,,,,,,,,
P4497.jpg,inj,,,,,,,,,,,,,
P4538.jpg,inj,,,,,,,,,,,,,
P4540.jpg,inj,,,,,,,,,,,,,
P4542.jpg,inj,,,,,,,,,,,,,
P4544.jpg,inj,,,,,,,,,,,,,
P4546.jpg,inj,,,,,,,,,,,,,
P4548.jpg,inj,,,,,,,,,,,,,
P4572.jpg,inj,,,,,,,,,,,,,
P4574.jpg,inj,,,,,,,,,,,,,
P4603.jpg,inj,,,,,,,,,,,,,
P4605.jpg,inj,,,,,,,,,,,,,
P4607.jpg,inj,,,,,,,,,,,,,
P4609.jpg,inj,,,,,,,,,,,,,
P4611.jpg,inj,,,,,,,,,,,,,
P4624.jpg,inj,,,,,,,,,,,,,
P4626.jpg,inj,,,,,,,,,,,,,
P4628.jpg,inj,,,,,,,,,,,,,
P4630.jpg,inj,,,,,,,,,,,,,
P4632.jpg,inj,,,,,,,,,,,,,
P4635.jpg,inj,,,,,,,,,,,,,
P4637.jpg,inj,,,,,,,,,,,,,
P4691.jpg,inj,,,,,,,,,,,,,
P4696.jpg,inj,,,,,,,,,,,,,
P3471.jpg,Injection,,,,,,,,,,,,,
P3475.jpg,Injection,,,,,,,,,,,,,
P3477.jpg,Injection,,,,,,,,,,,,,
P3481.jpg,Injection,,,,,,,,,,,,,
P3501.jpg,Injection,,,,,,,,,,,,,
P3502.jpg,Injection,,,,,,,,,,,,,
P3504.jpg,Injection,,,,,,,,,,,,,
P3517.jpg,Injection,,,,,,,,,,,,,
P3561.jpg,Injection,,,,,,,,,,,,,
P3564.jpg,Injection,,,,,,,,,,,,,
P3566.jpg,Injection,,,,,,,,,,,,,
P3568.jpg,Injection,,,,,,,,,,,,,
P3570.jpg,Injection,,,,,,,,,,,,,
P3574.jpg,Injection,,,,,,,,,,,,,
P3575.jpg,Injection,,,,,,,,,,,,,
P3581.jpg,Injection,,,,,,,,,,,,,
P3582.jpg,Injection,,,,,,,,,,,,,
P3590.jpg,Injection,,,,,,,,,,,,,
P3591.jpg,Injection,,,,,,,,,,,,,
P3612.jpg,Injection,,,,,,,,,,,,,
P3620.jpg,Injection,,,,,,,,,,,,,
P3622.jpg,Injection,,,,,,,,,,,,,
P3631.jpg,Injection,,,,,,,,,,,,,
P3633.jpg,Injection,,,,,,,,,,,,,
P3637.jpg,Injection,,,,,,,,,,,,,
P3640.jpg,Injection,,,,,,,,,,,,,
P3645.jpg,Injection,,,,,,,,,,,,,
P3655.jpg,Injection,,,,,,,,,,,,,
P3673.jpg,Injection,,,,,,,,,,,,,
P3675.jpg,Injection,,,,,,,,,,,,,
P3681.jpg,Injection,,,,,,,,,,,,,
P3693.jpg,Injection,,,,,,,,,,,,,
P3695.jpg,Injection,,,,,,,,,,,,,
P3697.jpg,Injection,,,,,,,,,,,,,
P3721.jpg,Injection,,,,,,,,,,,,,
P3745.jpg,Injection,,,,,,,,,,,,,
P3766.jpg,Injection,,,,,,,,,,,,,
P3774.jpg,Injection,,,,,,,,,,,,,
P3778.jpg,Injection,,,,,,,,,,,,,
P3782.jpg,Injection,,,,,,,,,,,,,
P3791.jpg,Injection,,,,,,,,,,,,,
P3792.jpg,Injection,,,,,,,,,,,,,
P3795.jpg,Injection,,,,,,,,,,,,,
P3796.jpg,Injection,,,,,,,,,,,,,
P3802.jpg,Injection,,,,,,,,,,,,,
P3806.jpg,Injection,,,,,,,,,,,,,
P3824.jpg,Injection,,,,,,,,,,,,,
P3826.jpg,Injection,,,,,,,,,,,,,
P3854.jpg,Injection,,,,,,,,,,,,,
P3855.jpg,Injection,,,,,,,,,,,,,
P3936.jpg,Injection,,,,,,,,,,,,,
P3967.jpg,Injection,,,,,,,,,,,,,
P3973.jpg,Injection,,,,,,,,,,,,,
P3976.jpg,Injection,,,,,,,,,,,,,
P3982.jpg,Injection,,,,,,,,,,,,,
P4000.jpg,Injection,,,,,,,,,,,,,
P4030.jpg,Injection,,,,,,,,,,,,,
P4031.jpg,Injection,,,,,,,,,,,,,
P4056.jpg,Injection,,,,,,,,,,,,,
P4166.jpg,Injection,,,,,,,,,,,,,
P4167.jpg,Injection,,,,,,,,,,,,,
P4169.jpg,Injection,,,,,,,,,,,,,
P4172.jpg,Injection,,,,,,,,,,,,,
P4187.jpg,Injection,,,,,,,,,,,,,
P4189.jpg,Injection,,,,,,,,,,,,,
P4196.jpg,Injection,,,,,,,,,,,,,
P4312.jpg,Injection,,,,,,,,,,,,,
P4348.jpg,Injection,,,,,,,,,,,,,
P4372.jpg,Injection,,,,,,,,,,,,,
P4387.jpg,Injection,,,,,,,,,,,,,
P4404.jpg,Injection,,,,,,,,,,,,,
P4409.jpg,Injection,,,,,,,,,,,,,
P4410.jpg,Injection,,,,,,,,,,,,,
P4413.jpg,Injection,,,,,,,,,,,,,
P4435.jpg,Injection,,,,,,,,,,,,,
P4448.jpg,Injection,,,,,,,,,,,,,
P4449.jpg,Injection,,,,,,,,,,,,,
P4458.jpg,Injection,,,,,,,,,,,,,
P1697.jpg,Inxo-A,,,,,,,,,,,,,
P3597.jpg,Iracet,,,,,,,,,,,,,
P3621.jpg,Iracet,,,,,,,,,,,,,
P3623.jpg,Iracet,,,,,,,,,,,,,
P3737.jpg,Iracet,,,,,,,,,,,,,
P3746.jpg,Iracet,,,,,,,,,,,,,
P3773.jpg,Iracet,,,,,,,,,,,,,
P0321.jpg,Itogut,,,,,,,,,,,,,
P0222.jpg,Itokine,,,,,,,,,,,,,
P0228.jpg,Itokine,,,,,,,,,,,,,
P0423.jpg,Itokine,,,,,,,,,,,,,
P0443.jpg,Itokine,,,,,,,,,,,,,
P0470.jpg,Itokine,,,,,,,,,,,,,
P2375.jpg,Itokine,,,,,,,,,,,,,
P2370.jpg,Itokine 50,,,,,,,,,,,,,
P0177.jpg,Itoklav 50,,,,,,,,,,,,,
P0238.jpg,Itolcive 80,,,,,,,,,,,,,
P1777.jpg,Itrahil,,,,,,,,,,,,,
P1607.jpg,Itralul SB,,,,,,,,,,,,,
P2612.jpg,Joint Relif Plus,,,,,,,,,,,,,
P2352.jpg,K2cal,,,,,,,,,,,,,
P5152.jpg,k2cal,,,,,,,,,,,,,
P0011.jpg,Kacin,,,,,,,,,,,,,
P0022.jpg,Kacin,,,,,,,,,,,,,
P3521.jpg,Kacin,,,,,,,,,,,,,
P3534.jpg,Kacin,,,,,,,,,,,,,
P3547.jpg,Kacin,,,,,,,,,,,,,
P3687.jpg,Kacin,,,,,,,,,,,,,
P3793.jpg,Kacin,,,,,,,,,,,,,
P4699.jpg,kacin,,,,,,,,,,,,,
P4732.jpg,kacin,,,,,,,,,,,,,
P5033.jpg,kacin,,,,,,,,,,,,,
P1158.jpg,Kalcoral,,,,,,,,,,,,,
P2070.jpg,Kallonl Dx,,,,,,,,,,,,,
P2756.jpg,Kalorl Dx,,,,,,,,,,,,,
P0357.jpg,Katomor,,,,,,,,,,,,,
P4297.jpg,Kefuclav,,,,,,,,,,,,,
P2367.jpg,Keto,,,,,,,,,,,,,
P5293.jpg,ketoflax,,,,,,,,,,,,,
P3170.jpg,Ketorolac,,,,,,,,,,,,,
P3230.jpg,Ketorolac,,,,,,,,,,,,,
P3329.jpg,Ketorolac,,,,,,,,,,,,,
P3385.jpg,Ketorolac,,,,,,,,,,,,,
P3476.jpg,Ketorolac,,,,,,,,,,,,,
P3891.jpg,Ketorolac,,,,,,,,,,,,,
P3917.jpg,Ketorolac,,,,,,,,,,,,,
P3943.jpg,Ketorolac,,,,,,,,,,,,,
P3964.jpg,Ketorolac,,,,,,,,,,,,,
P4171.jpg,Ketorolac,,,,,,,,,,,,,
P4286.jpg,Ketorolac,,,,,,,,,,,,,
P4332.jpg,Ketorolac,,,,,,,,,,,,,
P4451.jpg,Ketorolac,,,,,,,,,,,,,
P4482.jpg,ketorolac,,,,,,,,,,,,,
P2365.jpg,K-flam,,,,,,,,,,,,,
P0547.jpg,K-flex,,,,,,,,,,,,,
P2557.jpg,Kibac,,,,,,,,,,,,,
P0092.jpg,Kinate,,,,,,,,,,,,,
P0120.jpg,Kinate,,,,,,,,,,,,,
P0328.jpg,kinate,,,,,,,,,,,,,
P0351.jpg,Kinate,,,,,,,,,,,,,
P0490.jpg,kinate,,,,,,,,,,,,,
P0506.jpg,Kinate,,,,,,,,,,,,,
P2686.jpg,Kinate,,,,,,,,,,,,,
P5114.jpg,kinate,,,,,,,,,,,,,
P0311.jpg,Kindial-D,,,,,,,,,,,,,
P0524.jpg,kindical D,,,,,,,,,,,,,
P0513.jpg,Klabid,,,,,,,,,,,,,
P0114.jpg,Klobid,,,,,,,,,,,,,
P2157.jpg,Knee joints,,,,,,,,,,,,,
P2834.jpg,K-one,,,,,,,,,,,,,
P2804.jpg,Lacfu,,,,,,,,,,,,,
P2445.jpg,Lacto,,,,,,,,,,,,,
P2662.jpg,Lacto,,,,,,,,,,,,,
P2677.jpg,Lacto,,,,,,,,,,,,,
P2110.jpg,Lactomone,,,,,,,,,,,,,
P0593.jpg,Lactomore,,,,,,,,,,,,,
P2360.jpg,Lactomore,,,,,,,,,,,,,
P2792.jpg,Lactomore,,,,,,,,,,,,,
P5125.jpg,lactomore,,,,,,,,,,,,,
P5161.jpg,lactomore,,,,,,,,,,,,,
P5182.jpg,lactomore,,,,,,,,,,,,,
P5203.jpg,lactomore,,,,,,,,,,,,,
P5238.jpg,lactomore,,,,,,,,,,,,,
P5264.jpg,lactomore,,,,,,,,,,,,,
P5418.jpg,lactomore,,,,,,,,,,,,,
P5427.jpg,lactomore,,,,,,,,,,,,,
P5437.jpg,lactomore,,,,,,,,,,,,,
P5446.jpg,lactomore,,,,,,,,,,,,,
P5457.jpg,lactomore,,,,,,,,,,,,,
P5525.jpg,lactomore,,,,,,,,,,,,,
P5533.jpg,lactomore,,,,,,,,,,,,,
P0502.jpg,Lactu,,,,,,,,,,,,,
P0642.jpg,lanolin,,,,,,,,,,,,,
P5235.jpg,lanso max,,,,,,,,,,,,,
P5260.jpg,lansomax,,,,,,,,,,,,,
P3423.jpg,Lantus,,,,,,,,,,,,,
P3433.jpg,Lantus,,,,,,,,,,,,,
P3598.jpg,Lasix,,,,,,,,,,,,,
P3634.jpg,Lasix,,,,,,,,,,,,,
P3639.jpg,Lasix,,,,,,,,,,,,,
P3647.jpg,Lasix,,,,,,,,,,,,,
P3851.jpg,Lasix,,,,,,,,,,,,,
P1930.jpg,latilax,,,,,,,,,,,,,
P2573.jpg,LBP following,,,,,,,,,,,,,
P2116.jpg,Learxir,,,,,,,,,,,,,
P0765.jpg,lecor,,,,,,,,,,,,,
P0782.jpg,lecor,,,,,,,,,,,,,
P0829.jpg,Lecor,,,,,,,,,,,,,
P0850.jpg,Lecor,,,,,,,,,,,,,
P0872.jpg,Lecor,,,,,,,,,,,,,
P0923.jpg,Lecor,,,,,,,,,,,,,
P2223.jpg,lecor,,,,,,,,,,,,,
P2864.jpg,Lecor,,,,,,,,,,,,,
P2917.jpg,Lecor,,,,,,,,,,,,,
P3041.jpg,Lecor,,,,,,,,,,,,,
P2494.jpg,Lelox,,,,,,,,,,,,,
P2301.jpg,Lerozol,,,,,,,,,,,,,
P2970.jpg,Lerozol,,,,,,,,,,,,,
P3047.jpg,Lerozol,,,,,,,,,,,,,
P0259.jpg,Lestarin,,,,,,,,,,,,,
P4026.jpg,Levofloxacin,,,,,,,,,,,,,
P4757.jpg,levofloxacin,,,,,,,,,,,,,
P3392.jpg,Levothyroxine,,,,,,,,,,,,,
P0160.jpg,Levox,,,,,,,,,,,,,
P0243.jpg,Levox,,,,,,,,,,,,,
P0435.jpg,Levox,,,,,,,,,,,,,
P4809.jpg,liberts,,,,,,,,,,,,,
P4836.jpg,liberts,,,,,,,,,,,,,
P4848.jpg,liberts,,,,,,,,,,,,,
P4856.jpg,liberts,,,,,,,,,,,,,
P1211.jpg,Libidex,,,,,,,,,,,,,
P1730.jpg,Libidex,,,,,,,,,,,,,
P4822.jpg,libott,,,,,,,,,,,,,
P3822.jpg,Libott-S JR,,,,,,,,,,,,,
P1908.jpg,Lifanta,,,,,,,,,,,,,
P0464.jpg,Ligazid,,,,,,,,,,,,,
P2425.jpg,Ligazid,,,,,,,,,,,,,
P5538.jpg,ligazid,,,,,,,,,,,,,
P0162.jpg,Limbix,,,,,,,,,,,,,
P0194.jpg,Limbix,,,,,,,,,,,,,
P0192.jpg,Limtab,,,,,,,,,,,,,
P0209.jpg,Limtab,,,,,,,,,,,,,
P4510.jpg,linatab,,,,,,,,,,,,,
P3103.jpg,Linatin,,,,,,,,,,,,,
P0812.jpg,Linax,,,,,,,,,,,,,
P4983.jpg,linax plus,,,,,,,,,,,,,
P4994.jpg,linax plus,,,,,,,,,,,,,
P5000.jpg,linax plus,,,,,,,,,,,,,
P3144.jpg,Lindac,,,,,,,,,,,,,
P3155.jpg,Lindac,,,,,,,,,,,,,
P4133.jpg,Lindac,,,,,,,,,,,,,
P4147.jpg,Lindac,,,,,,,,,,,,,
P4506.jpg,lindac,,,,,,,,,,,,,
P5013.jpg,linux plus,,,,,,,,,,,,,
P2128.jpg,Lipicon,,,,,,,,,,,,,
P2444.jpg,Liprolin,,,,,,,,,,,,,
P5189.jpg,liquid,,,,,,,,,,,,,
P5231.jpg,liquid,,,,,,,,,,,,,
P5269.jpg,liquid,,,,,,,,,,,,,
P5518.jpg,liquid,,,,,,,,,,,,,
P5529.jpg,liquid,,,,,,,,,,,,,
P2353.jpg,Liquid to soft,,,,,,,,,,,,,
P1780.jpg,lnfilax,,,,,,,,,,,,,
P2401.jpg,Loba-G,,,,,,,,,,,,,
P5135.jpg,loba-g,,,,,,,,,,,,,
P5196.jpg,loba-g,,,,,,,,,,,,,
P5478.jpg,loba-g,,,,,,,,,,,,,
P1561.jpg,Lopiren,,,,,,,,,,,,,
P0052.jpg,Losectil,,,,,,,,,,,,,
P0004.jpg,Losita,,,,,,,,,,,,,
P0361.jpg,Loxodol,,,,,,,,,,,,,
P0534.jpg,Loxodol,,,,,,,,,,,,,
P2663.jpg,Loxodol,,,,,,,,,,,,,
P5058.jpg,loxodol,,,,,,,,,,,,,
P5061.jpg,loxodol,,,,,,,,,,,,,
P1115.jpg,Lubilax,,,,,,,,,,,,,
P0012.jpg,Lubilay,,,,,,,,,,,,,
P1487.jpg,Lubilex,,,,,,,,,,,,,
P1527.jpg,Lubilox,,,,,,,,,,,,,
P0969.jpg,lufilox,,,,,,,,,,,,,
P1382.jpg,lullonl Dx,,,,,,,,,,,,,
P1569.jpg,lulrilax,,,,,,,,,,,,,
P3116.jpg,Lumana plus,,,,,,,,,,,,,
P2421.jpg,Luminus,,,,,,,,,,,,,
P2653.jpg,Luminus,,,,,,,,,,,,,
P4083.jpg,Lumona,,,,,,,,,,,,,
P2082.jpg,lutilax,,,,,,,,,,,,,
P2086.jpg,Lutilax 24,,,,,,,,,,,,,
P1702.jpg,Lwfilex 24,,,,,,,,,,,,,
P0567.jpg,Lyric,,,,,,,,,,,,,
P5558.jpg,lytex,,,,,,,,,,,,,
P3173.jpg,M.kant,,,,,,,,,,,,,
P0254.jpg,Macrobac,,,,,,,,,,,,,
P5334.jpg,Macrobac,,,,,,,,,,,,,
P4599.jpg,magni,,,,,,,,,,,,,
P0966.jpg,Malucan,,,,,,,,,,,,,
P1231.jpg,Maopuotuel,,,,,,,,,,,,,
P4508.jpg,matima,,,,,,,,,,,,,
P3145.jpg,Matina,,,,,,,,,,,,,
P3156.jpg,Matina,,,,,,,,,,,,,
P0251.jpg,Max dol,,,,,,,,,,,,,
P1345.jpg,Max Pro,,,,,,,,,,,,,
P1429.jpg,Max Pro,,,,,,,,,,,,,
P5175.jpg,maxdol,,,,,,,,,,,,,
P5258.jpg,maxdol,,,,,,,,,,,,,
P5303.jpg,maxdol,,,,,,,,,,,,,
P5397.jpg,maxdol,,,,,,,,,,,,,
P5399.jpg,maxdol,,,,,,,,,,,,,
P2553.jpg,Maxigam E/D,,,,,,,,,,,,,
P2364.jpg,Maxima,,,,,,,,,,,,,
P2874.jpg,Maxima,,,,,,,,,,,,,
P3078.jpg,Maxima,,,,,,,,,,,,,
P3151.jpg,Maxima,,,,,,,,,,,,,
P3160.jpg,Maxima,,,,,,,,,,,,,
P4134.jpg,Maxima,,,,,,,,,,,,,
P4143.jpg,Maxima,,,,,,,,,,,,,
P4148.jpg,Maxima,,,,,,,,,,,,,
P4153.jpg,Maxima,,,,,,,,,,,,,
P1944.jpg,Maxirra,,,,,,,,,,,,,
P0060.jpg,Maxpro,,,,,,,,,,,,,
P1027.jpg,maxpro,,,,,,,,,,,,,
P1038.jpg,maxpro,,,,,,,,,,,,,
P1425.jpg,MaxPro,,,,,,,,,,,,,
P1924.jpg,Maxpro,,,,,,,,,,,,,
P1947.jpg,Maxpro,,,,,,,,,,,,,
P2631.jpg,Maxpro,,,,,,,,,,,,,
P3055.jpg,MaxPro,,,,,,,,,,,,,
P3217.jpg,Maxpro,,,,,,,,,,,,,
P3878.jpg,Maxpro,,,,,,,,,,,,,
P4258.jpg,Maxpro,,,,,,,,,,,,,
P4308.jpg,Maxpro,,,,,,,,,,,,,
P4389.jpg,Maxpro,,,,,,,,,,,,,
P4403.jpg,Maxpro,,,,,,,,,,,,,
P4961.jpg,maxpro,,,,,,,,,,,,,
P1110.jpg,maxrin,,,,,,,,,,,,,
P1335.jpg,Maxrin,,,,,,,,,,,,,
P1788.jpg,maxrin,,,,,,,,,,,,,
P2025.jpg,maxrin,,,,,,,,,,,,,
P1582.jpg,Maxrin ,,,,,,,,,,,,,
P1562.jpg,Maxrin D,,,,,,,,,,,,,
P0263.jpg,Maxsulin,,,,,,,,,,,,,
P0277.jpg,Maxsulin,,,,,,,,,,,,,
P2378.jpg,Maxsulin,,,,,,,,,,,,,
P4390.jpg,Maxsulin R,,,,,,,,,,,,,
P2424.jpg,Maxuline-R,,,,,,,,,,,,,
P2137.jpg,mecol,,,,,,,,,,,,,
P2242.jpg,Mecol,,,,,,,,,,,,,
P2461.jpg,Mecol,,,,,,,,,,,,,
P2146.jpg,Mecor,,,,,,,,,,,,,
P2549.jpg,Medi Plus,,,,,,,,,,,,,
P0398.jpg,Medragust,,,,,,,,,,,,,
P0031.jpg,Medroxy,,,,,,,,,,,,,
P4928.jpg,mefanide,,,,,,,,,,,,,
P3053.jpg,Meffo,,,,,,,,,,,,,
P1807.jpg,mefhomof,,,,,,,,,,,,,
P4744.jpg,megaba,,,,,,,,,,,,,
P2666.jpg,Megulol,,,,,,,,,,,,,
P1133.jpg,Melhomofsw,,,,,,,,,,,,,
P0451.jpg,melpred,,,,,,,,,,,,,
P2743.jpg,Melpred,,,,,,,,,,,,,
P5091.jpg,menofemin,,,,,,,,,,,,,
P1342.jpg,Menoral,,,,,,,,,,,,,
P1581.jpg,menoril,,,,,,,,,,,,,
P2462.jpg,Merdin,,,,,,,,,,,,,
P2138.jpg,Merdir,,,,,,,,,,,,,
P2607.jpg,Merincal-D,,,,,,,,,,,,,
P4539.jpg,merocil,,,,,,,,,,,,,
P3490.jpg,Meropen,,,,,,,,,,,,,
P3522.jpg,Meropen,,,,,,,,,,,,,
P4801.jpg,meropen,,,,,,,,,,,,,
P4810.jpg,meropen,,,,,,,,,,,,,
P4823.jpg,meropen,,,,,,,,,,,,,
P4855.jpg,meropen,,,,,,,,,,,,,
P3803.jpg,Meropen ,,,,,,,,,,,,,
P4946.jpg,meropen ,,,,,,,,,,,,,
P3096.jpg,Meropenem,,,,,,,,,,,,,
P3238.jpg,Meropenem,,,,,,,,,,,,,
P3249.jpg,Meropenem,,,,,,,,,,,,,
P3259.jpg,Meropenem,,,,,,,,,,,,,
P3296.jpg,Meropenem,,,,,,,,,,,,,
P3398.jpg,Meropenem,,,,,,,,,,,,,
P3405.jpg,Meropenem,,,,,,,,,,,,,
P3434.jpg,Meropenem,,,,,,,,,,,,,
P3505.jpg,Meropenem,,,,,,,,,,,,,
P3507.jpg,Meropenem,,,,,,,,,,,,,
P3540.jpg,Meropenem,,,,,,,,,,,,,
P3596.jpg,Meropenem,,,,,,,,,,,,,
P3674.jpg,Meropenem,,,,,,,,,,,,,
P3686.jpg,Meropenem,,,,,,,,,,,,,
P3765.jpg,Meropenem,,,,,,,,,,,,,
P3858.jpg,Meropenem,,,,,,,,,,,,,
P3863.jpg,Meropenem,,,,,,,,,,,,,
P3873.jpg,Meropenem,,,,,,,,,,,,,
P3974.jpg,Meropenem,,,,,,,,,,,,,
P4341.jpg,Meropenem,,,,,,,,,,,,,
P4492.jpg,meropenem,,,,,,,,,,,,,
P4651.jpg,meropenem,,,,,,,,,,,,,
P4675.jpg,meropenem,,,,,,,,,,,,,
P4700.jpg,meropenem,,,,,,,,,,,,,
P4864.jpg,meropenem,,,,,,,,,,,,,
P4873.jpg,meropenem,,,,,,,,,,,,,
P5215.jpg,merrobe,,,,,,,,,,,,,
P0149.jpg,Merthomol,,,,,,,,,,,,,
P2382.jpg,Mervan,,,,,,,,,,,,,
P0197.jpg,Mervax,,,,,,,,,,,,,
P2611.jpg,Merven-SR,,,,,,,,,,,,,
P3388.jpg,Mesacol,,,,,,,,,,,,,
P3414.jpg,Mesacol,,,,,,,,,,,,,
P5020.jpg,metaconil,,,,,,,,,,,,,
P2185.jpg,Metaomol,,,,,,,,,,,,,
P0577.jpg,Methicap,,,,,,,,,,,,,
P5466.jpg,methicap,,,,,,,,,,,,,
P0217.jpg,Methomol,,,,,,,,,,,,,
P0637.jpg,methomol,,,,,,,,,,,,,
P1077.jpg,methomol,,,,,,,,,,,,,
P0154.jpg,Methox,,,,,,,,,,,,,
P3168.jpg,Metro,,,,,,,,,,,,,
P4058.jpg,Metro,,,,,,,,,,,,,
P4168.jpg,Metro,,,,,,,,,,,,,
P4462.jpg,Metro,,,,,,,,,,,,,
P4480.jpg,metro,,,,,,,,,,,,,
P4973.jpg,metro,,,,,,,,,,,,,
P4981.jpg,metro,,,,,,,,,,,,,
P5142.jpg,metro,,,,,,,,,,,,,
P5278.jpg,metro,,,,,,,,,,,,,
P3102.jpg,Metro ,,,,,,,,,,,,,
P3285.jpg,Metronidazole,,,,,,,,,,,,,
P3291.jpg,Metronidazole,,,,,,,,,,,,,
P3308.jpg,Metronidazole,,,,,,,,,,,,,
P3317.jpg,Metronidazole,,,,,,,,,,,,,
P3323.jpg,Metronidazole,,,,,,,,,,,,,
P3328.jpg,Metronidazole,,,,,,,,,,,,,
P3340.jpg,Metronidazole,,,,,,,,,,,,,
P3347.jpg,Metronidazole,,,,,,,,,,,,,
P3473.jpg,Metronidazole,,,,,,,,,,,,,
P3696.jpg,Metronidazole,,,,,,,,,,,,,
P3975.jpg,Metronidazole,,,,,,,,,,,,,
P4338.jpg,Metronidazole,,,,,,,,,,,,,
P3097.jpg,Metronidazole,,,,,,,,,,,,,
P2161.jpg,meur,,,,,,,,,,,,,
P3339.jpg,Meropenem,,,,,,,,,,,,,
P3306.jpg,Mexpro,,,,,,,,,,,,,
P3223.jpg,Micoral gel,,,,,,,,,,,,,
P3740.jpg,Micoral gel,,,,,,,,,,,,,
P3777.jpg,Micoral gel,,,,,,,,,,,,,
P3786.jpg,Micoral gel,,,,,,,,,,,,,
P4272.jpg,Micoral gel,,,,,,,,,,,,,
P5338.jpg,Macrobac,,,,,,,,,,,,,
P5340.jpg,Macrobac,,,,,,,,,,,,,
P2391.jpg,Microcef,,,,,,,,,,,,,
P2432.jpg,Microcef,,,,,,,,,,,,,
P2766.jpg,Microcef,,,,,,,,,,,,,
P2959.jpg,Microcef,,,,,,,,,,,,,
P1680.jpg,Microgcofi,,,,,,,,,,,,,
P1921.jpg,microges,,,,,,,,,,,,,
P0814.jpg,Microgest,,,,,,,,,,,,,
P0935.jpg,Microgest,,,,,,,,,,,,,
P2286.jpg,Microgest,,,,,,,,,,,,,
P2321.jpg,Microgest,,,,,,,,,,,,,
P5214.jpg,microgest,,,,,,,,,,,,,
P5488.jpg,microgest ,,,,,,,,,,,,,
P5492.jpg,microgest ,,,,,,,,,,,,,
P2215.jpg,Microgurt,,,,,,,,,,,,,
P1937.jpg,Microsegt,,,,,,,,,,,,,
P1064.jpg,mig,,,,,,,,,,,,,
P1076.jpg,mig,,,,,,,,,,,,,
P1100.jpg,mig,,,,,,,,,,,,,
P1692.jpg,mig,,,,,,,,,,,,,
P1797.jpg,mig,,,,,,,,,,,,,
P1808.jpg,mig,,,,,,,,,,,,,
P1848.jpg,mig,,,,,,,,,,,,,
P1858.jpg,mig,,,,,,,,,,,,,
P1268.jpg,Mig 2.5,,,,,,,,,,,,,
P5193.jpg,migo,,,,,,,,,,,,,
P5242.jpg,milam,,,,,,,,,,,,,
P3163.jpg,Minnate,,,,,,,,,,,,,
P5470.jpg,miraba,,,,,,,,,,,,,
P1278.jpg,mirata,,,,,,,,,,,,,
P1380.jpg,mirata,,,,,,,,,,,,,
P1694.jpg,Mitpr,,,,,,,,,,,,,
P0076.jpg,Mixit,,,,,,,,,,,,,
P0094.jpg,Mixit,,,,,,,,,,,,,
P0319.jpg,mixit,,,,,,,,,,,,,
P0332.jpg,mixit,,,,,,,,,,,,,
P0397.jpg,Mixit,,,,,,,,,,,,,
P0517.jpg,Mixit,,,,,,,,,,,,,
P0585.jpg,mixit,,,,,,,,,,,,,
P0622.jpg,M-Kast,,,,,,,,,,,,,
P4019.jpg,M-Kast,,,,,,,,,,,,,
P0699.jpg,m-lucas,,,,,,,,,,,,,
P0996.jpg,m-lucas,,,,,,,,,,,,,
P1014.jpg,M-lucas,,,,,,,,,,,,,
P1019.jpg,m-lucas,,,,,,,,,,,,,
P1030.jpg,m-lucas,,,,,,,,,,,,,
P1068.jpg,m-lucas,,,,,,,,,,,,,
P1081.jpg,m-lucas,,,,,,,,,,,,,
P1332.jpg,m-lucas,,,,,,,,,,,,,
P1465.jpg,m-lucas,,,,,,,,,,,,,
P1784.jpg,m-lucas,,,,,,,,,,,,,
P1791.jpg,m-lucas,,,,,,,,,,,,,
P1811.jpg,m-lucas,,,,,,,,,,,,,
P1812.jpg,m-lucas,,,,,,,,,,,,,
P1819.jpg,m-lucas,,,,,,,,,,,,,
P1829.jpg,m-lucas,,,,,,,,,,,,,
P1855.jpg,m-lucas,,,,,,,,,,,,,
P1890.jpg,m-lucas,,,,,,,,,,,,,
P1934.jpg,m-lucas,,,,,,,,,,,,,
P2010.jpg,m-lucas,,,,,,,,,,,,,
P2019.jpg,m-lucas,,,,,,,,,,,,,
P2057.jpg,m-lucas,,,,,,,,,,,,,
P1287.jpg,m-lucas ,,,,,,,,,,,,,
P1712.jpg,m-lucas ,,,,,,,,,,,,,
P0643.jpg,m-lucas 10,,,,,,,,,,,,,
P0655.jpg,m-lucas 10,,,,,,,,,,,,,
P0665.jpg,m-lucas 10,,,,,,,,,,,,,
P0698.jpg,m-lucas 10,,,,,,,,,,,,,
P0713.jpg,m-lucas 10,,,,,,,,,,,,,
P0721.jpg,m-lucas 10,,,,,,,,,,,,,
P0734.jpg,m-lucas 10,,,,,,,,,,,,,
P1118.jpg,m-lucas 10,,,,,,,,,,,,,
P1125.jpg,m-lucas 10,,,,,,,,,,,,,
P1181.jpg,m-lucas 10,,,,,,,,,,,,,
P1197.jpg,m-lucas 10,,,,,,,,,,,,,
P1243.jpg,m-lucas 10,,,,,,,,,,,,,
P1249.jpg,m-lucas 10,,,,,,,,,,,,,
P1266.jpg,m-lucas 10,,,,,,,,,,,,,
P1271.jpg,m-lucas 10,,,,,,,,,,,,,
P1512.jpg,m-lucas 10,,,,,,,,,,,,,
P1541.jpg,m-lucas 10,,,,,,,,,,,,,
P1559.jpg,m-lucas 10,,,,,,,,,,,,,
P1566.jpg,m-lucas 10,,,,,,,,,,,,,
P1598.jpg,m-lucas 10,,,,,,,,,,,,,
P1606.jpg,m-lucas 10,,,,,,,,,,,,,
P1699.jpg,m-lucas 10,,,,,,,,,,,,,
P1722.jpg,m-lucas 10,,,,,,,,,,,,,
P1897.jpg,m-lucas 10,,,,,,,,,,,,,
P5150.jpg,mofigut,,,,,,,,,,,,,
P2447.jpg,Momvit,,,,,,,,,,,,,
P0359.jpg,Monas,,,,,,,,,,,,,
P1193.jpg,Monas,,,,,,,,,,,,,
P2774.jpg,Monas,,,,,,,,,,,,,
P3110.jpg,Monas,,,,,,,,,,,,,
P3120.jpg,Monas,,,,,,,,,,,,,
P3127.jpg,Monas,,,,,,,,,,,,,
P3300.jpg,Monas,,,,,,,,,,,,,
P3345.jpg,Monas,,,,,,,,,,,,,
P3354.jpg,Monas,,,,,,,,,,,,,
P3848.jpg,Monas,,,,,,,,,,,,,
P3990.jpg,Monas,,,,,,,,,,,,,
P4096.jpg,Monas,,,,,,,,,,,,,
P4112.jpg,Monas,,,,,,,,,,,,,
P5040.jpg,monas,,,,,,,,,,,,,
P0661.jpg,Monas 10,,,,,,,,,,,,,
P0266.jpg,Monfast,,,,,,,,,,,,,
P0273.jpg,Monfast,,,,,,,,,,,,,
P5054.jpg,monfast,,,,,,,,,,,,,
P5165.jpg,monfast,,,,,,,,,,,,,
P5171.jpg,monfast,,,,,,,,,,,,,
P5328.jpg,monfast,,,,,,,,,,,,,
P5332.jpg,monfast,,,,,,,,,,,,,
P5353.jpg,monfast,,,,,,,,,,,,,
P5547.jpg,monfast,,,,,,,,,,,,,
P5548.jpg,monfast,,,,,,,,,,,,,
P5572.jpg,monfast,,,,,,,,,,,,,
P2526.jpg,Montair,,,,,,,,,,,,,
P3966.jpg,Montair,,,,,,,,,,,,,
P3115.jpg,Montelukast,,,,,,,,,,,,,
P2118.jpg,Montelm,,,,,,,,,,,,,
P2456.jpg,Montelukast,,,,,,,,,,,,,
P0115.jpg,Montelon,,,,,,,,,,,,,
P0122.jpg,Montelon,,,,,,,,,,,,,
P0129.jpg,Montelon,,,,,,,,,,,,,
P0138.jpg,Montelon,,,,,,,,,,,,,
P0344.jpg,Montelon,,,,,,,,,,,,,
P0383.jpg,Montelon,,,,,,,,,,,,,
P0409.jpg,Montelon,,,,,,,,,,,,,
P0566.jpg,Montelon,,,,,,,,,,,,,
P1107.jpg,Montelon,,,,,,,,,,,,,
P5292.jpg,montelon,,,,,,,,,,,,,
P4082.jpg,Montelukast,,,,,,,,,,,,,
P4427.jpg,Montelukast,,,,,,,,,,,,,
P4441.jpg,Montelukast,,,,,,,,,,,,,
P0672.jpg,Montene,,,,,,,,,,,,,
P0750.jpg,montene,,,,,,,,,,,,,
P0773.jpg,Montene,,,,,,,,,,,,,
P0796.jpg,Montene,,,,,,,,,,,,,
P0813.jpg,Montene,,,,,,,,,,,,,
P0866.jpg,Montene,,,,,,,,,,,,,
P0883.jpg,Montene,,,,,,,,,,,,,
P1228.jpg,Montene,,,,,,,,,,,,,
P1662.jpg,Montene,,,,,,,,,,,,,
P1667.jpg,Montene,,,,,,,,,,,,,
P1868.jpg,montene,,,,,,,,,,,,,
P2262.jpg,Montene,,,,,,,,,,,,,
P2295.jpg,Montene,,,,,,,,,,,,,
P2311.jpg,Montene,,,,,,,,,,,,,
P2327.jpg,Montene,,,,,,,,,,,,,
P2902.jpg,Montene,,,,,,,,,,,,,
P2923.jpg,Montene,,,,,,,,,,,,,
P2965.jpg,Montene,,,,,,,,,,,,,
P2980.jpg,Montene,,,,,,,,,,,,,
P3071.jpg,Montene,,,,,,,,,,,,,
P5318.jpg,montene,,,,,,,,,,,,,
P3133.jpg,Montelukast,,,,,,,,,,,,,
P3211.jpg,Montinex,,,,,,,,,,,,,
P2760.jpg,Montrlon,,,,,,,,,,,,,
P3810.jpg,Morphin,,,,,,,,,,,,,
P2273.jpg,Motigut,,,,,,,,,,,,,
P2348.jpg,Motigut,,,,,,,,,,,,,
P2412.jpg,Motigut,,,,,,,,,,,,,
P2603.jpg,Motigut,,,,,,,,,,,,,
P2667.jpg,Motigut,,,,,,,,,,,,,
P2691.jpg,Motigut,,,,,,,,,,,,,
P5390.jpg,motigut,,,,,,,,,,,,,
P1743.jpg,Moumcaze,,,,,,,,,,,,,
P0992.jpg,mouthwash,,,,,,,,,,,,,
P1232.jpg,Movafllfj,,,,,,,,,,,,,
P4627.jpg,moxibac,,,,,,,,,,,,,
P4865.jpg,moxibac,,,,,,,,,,,,,
P5474.jpg,moxibac,,,,,,,,,,,,,
P2649.jpg,Moxigram,,,,,,,,,,,,,
P5317.jpg,moxigram,,,,,,,,,,,,,
P0671.jpg,moxilin,,,,,,,,,,,,,
P1016.jpg,moxilin,,,,,,,,,,,,,
P4771.jpg,mucolyt,,,,,,,,,,,,,
P5028.jpg,mucolyt,,,,,,,,,,,,,
P0880.jpg,Mups,,,,,,,,,,,,,
P0074.jpg,myolax,,,,,,,,,,,,,
P0089.jpg,myolax,,,,,,,,,,,,,
P0104.jpg,Myolax,,,,,,,,,,,,,
P0375.jpg,Myolax,,,,,,,,,,,,,
P0379.jpg,Myolax,,,,,,,,,,,,,
P0407.jpg,myolax,,,,,,,,,,,,,
P1939.jpg,Myolax,,,,,,,,,,,,,
P2443.jpg,Myolax,,,,,,,,,,,,,
P2810.jpg,Myolax,,,,,,,,,,,,,
P3011.jpg,Myolax,,,,,,,,,,,,,
P5253.jpg,myolax,,,,,,,,,,,,,
P5313.jpg,myolax,,,,,,,,,,,,,
P5463.jpg,myolax,,,,,,,,,,,,,
P0032.jpg,myosit,,,,,,,,,,,,,
P0111.jpg,myotax,,,,,,,,,,,,,
P1413.jpg,Nabu,,,,,,,,,,,,,
P1419.jpg,Nabu pain,,,,,,,,,,,,,
P1493.jpg,Nabumef,,,,,,,,,,,,,
P1572.jpg,Nabumef,,,,,,,,,,,,,
P1084.jpg,nabumet,,,,,,,,,,,,,
P3275.jpg,Nacl,,,,,,,,,,,,,
P3463.jpg,Nacl,,,,,,,,,,,,,
P3678.jpg,Nacl,,,,,,,,,,,,,
P3850.jpg,Nacl,,,,,,,,,,,,,
P4556.jpg,nacl,,,,,,,,,,,,,
P1270.jpg,Nafro A plm,,,,,,,,,,,,,
P1459.jpg,Nafro A plm,,,,,,,,,,,,,
P1513.jpg,Nafro A plm,,,,,,,,,,,,,
P2058.jpg,Nafro A plus,,,,,,,,,,,,,
P1433.jpg,Nafumef,,,,,,,,,,,,,
P1479.jpg,Nafumef,,,,,,,,,,,,,
P2560.jpg,Nalbun,,,,,,,,,,,,,
P3376.jpg,Nalbun,,,,,,,,,,,,,
P4573.jpg,nalbun,,,,,,,,,,,,,
P4608.jpg,nalbun,,,,,,,,,,,,,
P4794.jpg,nalbun,,,,,,,,,,,,,
P4807.jpg,nalbun,,,,,,,,,,,,,
P3287.jpg,Nalbun ,,,,,,,,,,,,,
P3483.jpg,Nalbun - 2,,,,,,,,,,,,,
P3536.jpg,Nalbun - 2,,,,,,,,,,,,,
P4634.jpg,nalbun 2,,,,,,,,,,,,,
P4655.jpg,nalbun 2,,,,,,,,,,,,,
P4707.jpg,nalbun 2,,,,,,,,,,,,,
P4721.jpg,nalbun 2,,,,,,,,,,,,,
P4736.jpg,nalbun 2,,,,,,,,,,,,,
P4760.jpg,nalbun 2,,,,,,,,,,,,,
P4784.jpg,nalbun 2,,,,,,,,,,,,,
P4883.jpg,nalbun 2,,,,,,,,,,,,,
P4892.jpg,nalbun 2,,,,,,,,,,,,,
P4897.jpg,nalbun 2,,,,,,,,,,,,,
P4902.jpg,nalbun 2,,,,,,,,,,,,,
P4916.jpg,nalbun 2,,,,,,,,,,,,,
P4947.jpg,nalbun 2,,,,,,,,,,,,,
P4969.jpg,nalbun 2,,,,,,,,,,,,,
P4987.jpg,nalbun 2,,,,,,,,,,,,,
P5209.jpg,nalbun 2,,,,,,,,,,,,,
P4816.jpg,nalbun-1,,,,,,,,,,,,,
P4826.jpg,nalbun-1,,,,,,,,,,,,,
P4839.jpg,nalbun-1,,,,,,,,,,,,,
P4859.jpg,nalbun-1,,,,,,,,,,,,,
P4867.jpg,nalbun-2,,,,,,,,,,,,,
P4874.jpg,nalbun-2,,,,,,,,,,,,,
P4851.jpg,nalbun-2.1,,,,,,,,,,,,,
P3283.jpg,Nalbun-Z,,,,,,,,,,,,,
P4644.jpg,nalepsin,,,,,,,,,,,,,
P1593.jpg,Namefan 750,,,,,,,,,,,,,
P1981.jpg,Namefon,,,,,,,,,,,,,
P0647.jpg,Nameton,,,,,,,,,,,,,
P1046.jpg,nameton,,,,,,,,,,,,,
P2097.jpg,Nameton,,,,,,,,,,,,,
P0007.jpg,Napa,,,,,,,,,,,,,
P0010.jpg,Napa,,,,,,,,,,,,,
P0021.jpg,Napa,,,,,,,,,,,,,
P0080.jpg,Napa,,,,,,,,,,,,,
P0117.jpg,Napa,,,,,,,,,,,,,
P0345.jpg,Napa,,,,,,,,,,,,,
P0393.jpg,Napa,,,,,,,,,,,,,
P0457.jpg,Napa,,,,,,,,,,,,,
P0498.jpg,Napa,,,,,,,,,,,,,
P0516.jpg,Napa,,,,,,,,,,,,,
P0674.jpg,Napa,,,,,,,,,,,,,
P0748.jpg,Napa,,,,,,,,,,,,,
P0759.jpg,Napa,,,,,,,,,,,,,
P0764.jpg,Napa,,,,,,,,,,,,,
P0771.jpg,Napa,,,,,,,,,,,,,
P1096.jpg,Napa,,,,,,,,,,,,,
P1105.jpg,Napa,,,,,,,,,,,,,
P1224.jpg,Napa,,,,,,,,,,,,,
P1986.jpg,Napa,,,,,,,,,,,,,
P2416.jpg,Napa,,,,,,,,,,,,,
P2618.jpg,Napa,,,,,,,,,,,,,
P2723.jpg,Napa,,,,,,,,,,,,,
P2725.jpg,Napa,,,,,,,,,,,,,
P2784.jpg,Napa,,,,,,,,,,,,,
P3139.jpg,Napa,,,,,,,,,,,,,
P3146.jpg,Napa,,,,,,,,,,,,,
P3148.jpg,Napa,,,,,,,,,,,,,
P3149.jpg,Napa,,,,,,,,,,,,,
P3157.jpg,Napa,,,,,,,,,,,,,
P3158.jpg,Napa,,,,,,,,,,,,,
P3192.jpg,Napa,,,,,,,,,,,,,
P3194.jpg,Napa,,,,,,,,,,,,,
P3196.jpg,Napa,,,,,,,,,,,,,
P3200.jpg,Napa,,,,,,,,,,,,,
P3207.jpg,Napa,,,,,,,,,,,,,
P3222.jpg,Napa,,,,,,,,,,,,,
P3242.jpg,Napa,,,,,,,,,,,,,
P3250.jpg,Napa,,,,,,,,,,,,,
P3269.jpg,Napa,,,,,,,,,,,,,
P3314.jpg,Napa,,,,,,,,,,,,,
P3343.jpg,Napa,,,,,,,,,,,,,
P3350.jpg,Napa,,,,,,,,,,,,,
P3356.jpg,Napa,,,,,,,,,,,,,
P3357.jpg,Napa,,,,,,,,,,,,,
P3360.jpg,Napa,,,,,,,,,,,,,
P3364.jpg,Napa,,,,,,,,,,,,,
P3373.jpg,Napa,,,,,,,,,,,,,
P3386.jpg,Napa,,,,,,,,,,,,,
P3406.jpg,Napa,,,,,,,,,,,,,
P3410.jpg,Napa,,,,,,,,,,,,,
P3417.jpg,Napa,,,,,,,,,,,,,
P3428.jpg,Napa,,,,,,,,,,,,,
P3435.jpg,Napa,,,,,,,,,,,,,
P3437.jpg,Napa,,,,,,,,,,,,,
P3447.jpg,Napa,,,,,,,,,,,,,
P3459.jpg,Napa,,,,,,,,,,,,,
P3482.jpg,Napa,,,,,,,,,,,,,
P3500.jpg,Napa,,,,,,,,,,,,,
P3510.jpg,Napa,,,,,,,,,,,,,
P3514.jpg,Napa,,,,,,,,,,,,,
P3571.jpg,Napa,,,,,,,,,,,,,
P3573.jpg,Napa,,,,,,,,,,,,,
P3578.jpg,Napa,,,,,,,,,,,,,
P3579.jpg,Napa,,,,,,,,,,,,,
P3586.jpg,Napa,,,,,,,,,,,,,
P3587.jpg,Napa,,,,,,,,,,,,,
P3606.jpg,Napa,,,,,,,,,,,,,
P3608.jpg,Napa,,,,,,,,,,,,,
P3609.jpg,Napa,,,,,,,,,,,,,
P3611.jpg,Napa,,,,,,,,,,,,,
P3626.jpg,Napa,,,,,,,,,,,,,
P3629.jpg,Napa,,,,,,,,,,,,,
P3665.jpg,Napa,,,,,,,,,,,,,
P3671.jpg,Napa,,,,,,,,,,,,,
P3676.jpg,Napa,,,,,,,,,,,,,
P3689.jpg,Napa,,,,,,,,,,,,,
P3733.jpg,Napa,,,,,,,,,,,,,
P3744.jpg,Napa,,,,,,,,,,,,,
P3767.jpg,Napa,,,,,,,,,,,,,
P3797.jpg,Napa,,,,,,,,,,,,,
P3799.jpg,Napa,,,,,,,,,,,,,
P3807.jpg,Napa,,,,,,,,,,,,,
P3812.jpg,Napa,,,,,,,,,,,,,
P3817.jpg,Napa,,,,,,,,,,,,,
P3820.jpg,Napa,,,,,,,,,,,,,
P3825.jpg,Napa,,,,,,,,,,,,,
P3831.jpg,Napa,,,,,,,,,,,,,
P3838.jpg,Napa,,,,,,,,,,,,,
P3852.jpg,Napa,,,,,,,,,,,,,
P3857.jpg,Napa,,,,,,,,,,,,,
P3859.jpg,Napa,,,,,,,,,,,,,
P3861.jpg,Napa,,,,,,,,,,,,,
P3864.jpg,Napa,,,,,,,,,,,,,
P3876.jpg,Napa,,,,,,,,,,,,,
P3907.jpg,Napa,,,,,,,,,,,,,
P3941.jpg,Napa,,,,,,,,,,,,,
P4004.jpg,Napa,,,,,,,,,,,,,
P4035.jpg,Napa,,,,,,,,,,,,,
P4130.jpg,Napa,,,,,,,,,,,,,
P4135.jpg,Napa,,,,,,,,,,,,,
P4138.jpg,Napa,,,,,,,,,,,,,
P4140.jpg,Napa,,,,,,,,,,,,,
P4149.jpg,Napa,,,,,,,,,,,,,
P4151.jpg,Napa,,,,,,,,,,,,,
P4202.jpg,Napa,,,,,,,,,,,,,
P4211.jpg,Napa,,,,,,,,,,,,,
P4226.jpg,Napa,,,,,,,,,,,,,
P4238.jpg,Napa,,,,,,,,,,,,,
P4271.jpg,Napa,,,,,,,,,,,,,
P4299.jpg,Napa,,,,,,,,,,,,,
P4324.jpg,Napa,,,,,,,,,,,,,
P4335.jpg,Napa,,,,,,,,,,,,,
P4388.jpg,Napa,,,,,,,,,,,,,
P4416.jpg,Napa,,,,,,,,,,,,,
P4512.jpg,napa,,,,,,,,,,,,,
P4612.jpg,napa,,,,,,,,,,,,,
P4638.jpg,napa,,,,,,,,,,,,,
P4654.jpg,napa,,,,,,,,,,,,,
P4666.jpg,napa,,,,,,,,,,,,,
P4688.jpg,napa,,,,,,,,,,,,,
P4693.jpg,napa,,,,,,,,,,,,,
P4695.jpg,napa,,,,,,,,,,,,,
P4698.jpg,napa,,,,,,,,,,,,,
P4701.jpg,napa,,,,,,,,,,,,,
P4746.jpg,napa,,,,,,,,,,,,,
P4761.jpg,napa,,,,,,,,,,,,,
P4797.jpg,napa,,,,,,,,,,,,,
P4827.jpg,napa,,,,,,,,,,,,,
P4857.jpg,napa,,,,,,,,,,,,,
P4869.jpg,napa,,,,,,,,,,,,,
P4885.jpg,napa,,,,,,,,,,,,,
P4905.jpg,napa,,,,,,,,,,,,,
P4919.jpg,napa,,,,,,,,,,,,,
P4937.jpg,napa,,,,,,,,,,,,,
P4943.jpg,napa,,,,,,,,,,,,,
P4957.jpg,napa,,,,,,,,,,,,,
P4960.jpg,napa,,,,,,,,,,,,,
P4986.jpg,napa,,,,,,,,,,,,,
P4998.jpg,napa,,,,,,,,,,,,,
P5037.jpg,napa,,,,,,,,,,,,,
P5041.jpg,napa,,,,,,,,,,,,,
P5117.jpg,napa,,,,,,,,,,,,,
P5168.jpg,napa,,,,,,,,,,,,,
P5227.jpg,napa,,,,,,,,,,,,,
P5308.jpg,napa,,,,,,,,,,,,,
P5333.jpg,napa,,,,,,,,,,,,,
P5337.jpg,napa,,,,,,,,,,,,,
P5347.jpg,napa,,,,,,,,,,,,,
P5389.jpg,napa,,,,,,,,,,,,,
P5574.jpg,napa,,,,,,,,,,,,,
P1664.jpg,Napa Extend,,,,,,,,,,,,,
P2575.jpg,Napa Extend,,,,,,,,,,,,,
P2000.jpg,Napa extra,,,,,,,,,,,,,
P2035.jpg,Napa extra,,,,,,,,,,,,,
P2778.jpg,Napa Extra,,,,,,,,,,,,,
P0130.jpg,Napa one,,,,,,,,,,,,,
P0136.jpg,Napa one,,,,,,,,,,,,,
P2343.jpg,Napa one,,,,,,,,,,,,,
P2411.jpg,Napa one,,,,,,,,,,,,,
P2438.jpg,Napa one,,,,,,,,,,,,,
P2448.jpg,Napa one,,,,,,,,,,,,,
P2530.jpg,Napa one,,,,,,,,,,,,,
P2640.jpg,Napa One,,,,,,,,,,,,,
P2660.jpg,Napa One,,,,,,,,,,,,,
P2673.jpg,Napa One,,,,,,,,,,,,,
P2754.jpg,Napa One,,,,,,,,,,,,,
P2800.jpg,Napa One,,,,,,,,,,,,,
P5071.jpg,napa one,,,,,,,,,,,,,
P5077.jpg,napa one,,,,,,,,,,,,,
P5146.jpg,napa one,,,,,,,,,,,,,
P5475.jpg,napa one,,,,,,,,,,,,,
P5511.jpg,napa one,,,,,,,,,,,,,
P1605.jpg,Napa Rapid,,,,,,,,,,,,,
P2335.jpg,Naporx,,,,,,,,,,,,,
P1062.jpg,napro,,,,,,,,,,,,,
P0112.jpg,Napronex,,,,,,,,,,,,,
P2744.jpg,Napronex,,,,,,,,,,,,,
P3021.jpg,Naprosin Plus,,,,,,,,,,,,,
P2291.jpg,Naprosyn Plus,,,,,,,,,,,,,
P0746.jpg,naprox,,,,,,,,,,,,,
P0803.jpg,Naprox,,,,,,,,,,,,,
P0827.jpg,Naprox,,,,,,,,,,,,,
P0871.jpg,Naprox,,,,,,,,,,,,,
P0887.jpg,Naprox,,,,,,,,,,,,,
P0917.jpg,Naprox,,,,,,,,,,,,,
P0946.jpg,Naprox,,,,,,,,,,,,,
P1629.jpg,Naprox,,,,,,,,,,,,,
P1632.jpg,Naprox,,,,,,,,,,,,,
P1647.jpg,Naprox,,,,,,,,,,,,,
P2219.jpg,Naprox,,,,,,,,,,,,,
P2236.jpg,Naprox,,,,,,,,,,,,,
P2860.jpg,Naprox,,,,,,,,,,,,,
P2882.jpg,Naprox,,,,,,,,,,,,,
P3049.jpg,Naprox,,,,,,,,,,,,,
P3084.jpg,Naprox,,,,,,,,,,,,,
P2913.jpg,Naprox plus,,,,,,,,,,,,,
P3089.jpg,Naprox Plus,,,,,,,,,,,,,
P0652.jpg,Naproxen,,,,,,,,,,,,,
P0666.jpg,Naproxen,,,,,,,,,,,,,
P2544.jpg,Napryn,,,,,,,,,,,,,
P0334.jpg,Napxon,,,,,,,,,,,,,
P0347.jpg,Napxon,,,,,,,,,,,,,
P0387.jpg,Napxon,,,,,,,,,,,,,
P3735.jpg,Nasal,,,,,,,,,,,,,
P3741.jpg,Nasal,,,,,,,,,,,,,
P3770.jpg,Nasal,,,,,,,,,,,,,
P3788.jpg,Nasal,,,,,,,,,,,,,
P4006.jpg,Nasal,,,,,,,,,,,,,
P4522.jpg,nasal,,,,,,,,,,,,,
P4261.jpg,Nasal ,,,,,,,,,,,,,
P1156.jpg,Natumef,,,,,,,,,,,,,
P1864.jpg,Natumef,,,,,,,,,,,,,
P2066.jpg,Natumef,,,,,,,,,,,,,
P2629.jpg,Navilum,,,,,,,,,,,,,
P1913.jpg,Ncotion,,,,,,,,,,,,,
P0412.jpg,Nebanol,,,,,,,,,,,,,
P3677.jpg,Nebulization,,,,,,,,,,,,,
P3688.jpg,Nebulization,,,,,,,,,,,,,
P3768.jpg,Nebulization,,,,,,,,,,,,,
P4563.jpg,nebulization,,,,,,,,,,,,,
P4564.jpg,nebulization,,,,,,,,,,,,,
P4773.jpg,nebulization,,,,,,,,,,,,,
P4832.jpg,nebulization,,,,,,,,,,,,,
P4881.jpg,nebulization,,,,,,,,,,,,,
P4890.jpg,nebulization,,,,,,,,,,,,,
P4925.jpg,nebulization,,,,,,,,,,,,,
P1222.jpg,neclufe,,,,,,,,,,,,,
P1154.jpg,neelufh,,,,,,,,,,,,,
P1132.jpg,Neemoxew,,,,,,,,,,,,,
P2136.jpg,Nenvopex,,,,,,,,,,,,,
P2757.jpg,Neobion,,,,,,,,,,,,,
P0346.jpg,Neopem,,,,,,,,,,,,,
P0274.jpg,Neopenem,,,,,,,,,,,,,
P3958.jpg,Neptor,,,,,,,,,,,,,
P5115.jpg,nerrion,,,,,,,,,,,,,
P2145.jpg,Neruopex,,,,,,,,,,,,,
P0078.jpg,Nervion,,,,,,,,,,,,,
P0090.jpg,Nervion,,,,,,,,,,,,,
P0096.jpg,Nervion,,,,,,,,,,,,,
P2683.jpg,Nervion,,,,,,,,,,,,,
P2740.jpg,Nervion,,,,,,,,,,,,,
P5373.jpg,nervion,,,,,,,,,,,,,
P2460.jpg,Nervoprx,,,,,,,,,,,,,
P2468.jpg,Nervoprx,,,,,,,,,,,,,
P1411.jpg,Neso,,,,,,,,,,,,,
P2634.jpg,Nesotem,,,,,,,,,,,,,
P1078.jpg,Neugalin,,,,,,,,,,,,,
P1157.jpg,Neumig,,,,,,,,,,,,,
P0223.jpg,Neuming,,,,,,,,,,,,,
P0743.jpg,Neuro,,,,,,,,,,,,,
P0763.jpg,Neuro,,,,,,,,,,,,,
P0779.jpg,Neuro,,,,,,,,,,,,,
P0784.jpg,Neuro,,,,,,,,,,,,,
P0790.jpg,Neuro,,,,,,,,,,,,,
P0794.jpg,Neuro,,,,,,,,,,,,,
P0797.jpg,Neuro,,,,,,,,,,,,,
P0804.jpg,Neuro,,,,,,,,,,,,,
P0811.jpg,Neuro,,,,,,,,,,,,,
P0820.jpg,Neuro,,,,,,,,,,,,,
P0825.jpg,Neuro,,,,,,,,,,,,,
P0835.jpg,Neuro,,,,,,,,,,,,,
P0841.jpg,Neuro,,,,,,,,,,,,,
P0852.jpg,Neuro,,,,,,,,,,,,,
P0858.jpg,Neuro,,,,,,,,,,,,,
P0867.jpg,Neuro,,,,,,,,,,,,,
P0874.jpg,Neuro,,,,,,,,,,,,,
P0889.jpg,Neuro,,,,,,,,,,,,,
P0918.jpg,Neuro,,,,,,,,,,,,,
P0928.jpg,Neuro,,,,,,,,,,,,,
P0940.jpg,Neuro,,,,,,,,,,,,,
P2469.jpg,Neuro 0.5mg,,,,,,,,,,,,,
P1546.jpg,Neuro A Plw Sw,,,,,,,,,,,,,
P0751.jpg,Neuro B,,,,,,,,,,,,,
P0770.jpg,Neuro B,,,,,,,,,,,,,
P0881.jpg,Neuro B,,,,,,,,,,,,,
P0898.jpg,Neuro B,,,,,,,,,,,,,
P0905.jpg,Neuro B,,,,,,,,,,,,,
P0913.jpg,Neuro B,,,,,,,,,,,,,
P0933.jpg,Neuro B,,,,,,,,,,,,,
P0947.jpg,Neuro B,,,,,,,,,,,,,
P1104.jpg,Neuro B,,,,,,,,,,,,,
P1720.jpg,Neuro B,,,,,,,,,,,,,
P0758.jpg,Neuro-B,,,,,,,,,,,,,
P0955.jpg,Neuro-B,,,,,,,,,,,,,
P1631.jpg,Neuro-B,,,,,,,,,,,,,
P1648.jpg,Neuro-B,,,,,,,,,,,,,
P1660.jpg,Neuro-B,,,,,,,,,,,,,
P1678.jpg,Neuro-B,,,,,,,,,,,,,
P1686.jpg,Neuro-B,,,,,,,,,,,,,
P1750.jpg,Neuro-B,,,,,,,,,,,,,
P2205.jpg,Neuro-B,,,,,,,,,,,,,
P2214.jpg,Neuro-B,,,,,,,,,,,,,
P2220.jpg,Neuro-B,,,,,,,,,,,,,
P2226.jpg,Neuro-B,,,,,,,,,,,,,
P2232.jpg,Neuro-B,,,,,,,,,,,,,
P2238.jpg,Neuro-B,,,,,,,,,,,,,
P2243.jpg,Neuro-B,,,,,,,,,,,,,
P2250.jpg,Neuro-B,,,,,,,,,,,,,
P2256.jpg,Neuro-B,,,,,,,,,,,,,
P2263.jpg,Neuro-B,,,,,,,,,,,,,
P2284.jpg,Neuro-B,,,,,,,,,,,,,
P2292.jpg,Neuro-B,,,,,,,,,,,,,
P2299.jpg,Neuro-B,,,,,,,,,,,,,
P2315.jpg,Neuro-B,,,,,,,,,,,,,
P2319.jpg,Neuro-B,,,,,,,,,,,,,
P2328.jpg,Neuro-B,,,,,,,,,,,,,
P2489.jpg,Neuro-B,,,,,,,,,,,,,
P2493.jpg,Neuro-B,,,,,,,,,,,,,
P2508.jpg,Neuro-B,,,,,,,,,,,,,
P2511.jpg,Neuro-B,,,,,,,,,,,,,
P2517.jpg,Neuro-B,,,,,,,,,,,,,
P2818.jpg,Neuro-B,,,,,,,,,,,,,
P2845.jpg,Neuro-B,,,,,,,,,,,,,
P2856.jpg,Neuro-B,,,,,,,,,,,,,
P2861.jpg,Neuro-B,,,,,,,,,,,,,
P2871.jpg,Neuro-B,,,,,,,,,,,,,
P2879.jpg,Neuro-B,,,,,,,,,,,,,
P2883.jpg,Neuro-B,,,,,,,,,,,,,
P2890.jpg,Neuro-B,,,,,,,,,,,,,
P2896.jpg,Neuro-B,,,,,,,,,,,,,
P2903.jpg,Neuro-B,,,,,,,,,,,,,
P2909.jpg,Neuro-B,,,,,,,,,,,,,
P2914.jpg,Neuro-B,,,,,,,,,,,,,
P2924.jpg,Neuro-B,,,,,,,,,,,,,
P2938.jpg,Neuro-B,,,,,,,,,,,,,
P2946.jpg,Neuro-B,,,,,,,,,,,,,
P2952.jpg,Neuro-B,,,,,,,,,,,,,
P2957.jpg,Neuro-B,,,,,,,,,,,,,
P2962.jpg,Neuro-B,,,,,,,,,,,,,
P2986.jpg,Neuro-B,,,,,,,,,,,,,
P2990.jpg,Neuro-B,,,,,,,,,,,,,
P2995.jpg,Neuro-B,,,,,,,,,,,,,
P3000.jpg,Neuro-B,,,,,,,,,,,,,
P3009.jpg,Neuro-B,,,,,,,,,,,,,
P3019.jpg,Neuro-B,,,,,,,,,,,,,
P3024.jpg,Neuro-B,,,,,,,,,,,,,
P3027.jpg,Neuro-B,,,,,,,,,,,,,
P3032.jpg,Neuro-B,,,,,,,,,,,,,
P3042.jpg,Neuro-B,,,,,,,,,,,,,
P3046.jpg,Neuro-B,,,,,,,,,,,,,
P3051.jpg,Neuro-B,,,,,,,,,,,,,
P3056.jpg,Neuro-B,,,,,,,,,,,,,
P3060.jpg,Neuro-B,,,,,,,,,,,,,
P3064.jpg,Neuro-B,,,,,,,,,,,,,
P3069.jpg,Neuro-B,,,,,,,,,,,,,
P3076.jpg,Neuro-B,,,,,,,,,,,,,
P3082.jpg,Neuro-B,,,,,,,,,,,,,
P3085.jpg,Neuro-B,,,,,,,,,,,,,
P3090.jpg,Neuro-B,,,,,,,,,,,,,
P3094.jpg,Neuro-B,,,,,,,,,,,,,
P5471.jpg,neuro-b,,,,,,,,,,,,,
P4357.jpg,Neurobest,,,,,,,,,,,,,
P3781.jpg,Neurocet,,,,,,,,,,,,,
P1112.jpg,neurolin,,,,,,,,,,,,,
P1146.jpg,Neurolin,,,,,,,,,,,,,
P1252.jpg,Neurolin,,,,,,,,,,,,,
P1334.jpg,Neurolin,,,,,,,,,,,,,
P1359.jpg,Neurolin,,,,,,,,,,,,,
P1469.jpg,Neurolin,,,,,,,,,,,,,
P1507.jpg,Neurolin,,,,,,,,,,,,,
P1553.jpg,Neurolin,,,,,,,,,,,,,
P1571.jpg,Neurolin,,,,,,,,,,,,,
P1589.jpg,Neurolin,,,,,,,,,,,,,
P1966.jpg,Neurolin,,,,,,,,,,,,,
P1498.jpg,Neurolin 10,,,,,,,,,,,,,
P1517.jpg,Neurolin 25,,,,,,,,,,,,,
P1601.jpg,Neurolin CR,,,,,,,,,,,,,
P0151.jpg,Neurou,,,,,,,,,,,,,
P1745.jpg,Neuroxen,,,,,,,,,,,,,
P1796.jpg,Neuroxen,,,,,,,,,,,,,
P1828.jpg,Neuroxen,,,,,,,,,,,,,
P1842.jpg,Neuroxen,,,,,,,,,,,,,
P1859.jpg,Neuroxen,,,,,,,,,,,,,
P1866.jpg,Neuroxen,,,,,,,,,,,,,
P1893.jpg,Neuroxen,,,,,,,,,,,,,
P1917.jpg,Neuroxen,,,,,,,,,,,,,
P1965.jpg,Neuroxen,,,,,,,,,,,,,
P1990.jpg,Neuroxen,,,,,,,,,,,,,
P2034.jpg,Neuroxen,,,,,,,,,,,,,
P2045.jpg,Neuroxen,,,,,,,,,,,,,
P2059.jpg,Neuroxen,,,,,,,,,,,,,
P2069.jpg,Neuroxen,,,,,,,,,,,,,
P2096.jpg,Neuroxen,,,,,,,,,,,,,
P0636.jpg,Neuroxen,,,,,,,,,,,,,
P0664.jpg,Neuroxen,,,,,,,,,,,,,
P0679.jpg,Neuroxen,,,,,,,,,,,,,
P0692.jpg,Neuroxen,,,,,,,,,,,,,
P0697.jpg,Neuroxen,,,,,,,,,,,,,
P0720.jpg,Neuroxen,,,,,,,,,,,,,
P0998.jpg,Neuroxen,,,,,,,,,,,,,
P1028.jpg,Neuroxen,,,,,,,,,,,,,
P1048.jpg,neuroxen,,,,,,,,,,,,,
P1063.jpg,neuroxen,,,,,,,,,,,,,
P1074.jpg,neuroxen,,,,,,,,,,,,,
P1083.jpg,neuroxen,,,,,,,,,,,,,
P1095.jpg,neuroxen,,,,,,,,,,,,,
P1113.jpg,neuroxen,,,,,,,,,,,,,
P1360.jpg,Neuroxen,,,,,,,,,,,,,
P1378.jpg,Neuroxen,,,,,,,,,,,,,
P1475.jpg,Neuroxen,,,,,,,,,,,,,
P1489.jpg,Neuroxen,,,,,,,,,,,,,
P1494.jpg,Neuroxen,,,,,,,,,,,,,
P1508.jpg,Neuroxen,,,,,,,,,,,,,
P1554.jpg,Neuroxen,,,,,,,,,,,,,
P1570.jpg,Neuroxen,,,,,,,,,,,,,
P1573.jpg,Neuroxen,,,,,,,,,,,,,
P1584.jpg,Neuroxen,,,,,,,,,,,,,
P1590.jpg,Neuroxen,,,,,,,,,,,,,
P1620.jpg,Neuroxen,,,,,,,,,,,,,
P2384.jpg,Neuroxen,,,,,,,,,,,,,
P0189.jpg,Neuroxen,,,,,,,,,,,,,
P0215.jpg,Neuroxen,,,,,,,,,,,,,
P0218.jpg,Neuroxen,,,,,,,,,,,,,
P5021.jpg,Neuroxen,,,,,,,,,,,,,
P1175.jpg,Neuvoxew,,,,,,,,,,,,,
P1267.jpg,Neuvoxew,,,,,,,,,,,,,
P1277.jpg,Neuvoxew,,,,,,,,,,,,,
P1147.jpg,Newoxew,,,,,,,,,,,,,
P2165.jpg,Nexc,,,,,,,,,,,,,
P0001.jpg,Nexcital,,,,,,,,,,,,,
P0137.jpg,Nexe,,,,,,,,,,,,,
P0281.jpg,Nexe,,,,,,,,,,,,,
P0297.jpg,Nexe,,,,,,,,,,,,,
P0300.jpg,Nexe,,,,,,,,,,,,,
P0302.jpg,Nexe,,,,,,,,,,,,,
P0362.jpg,Nexe,,,,,,,,,,,,,
P0441.jpg,Nexe,,,,,,,,,,,,,
P0463.jpg,Nexe,,,,,,,,,,,,,
P0469.jpg,Nexe,,,,,,,,,,,,,
P0495.jpg,Nexe,,,,,,,,,,,,,
P0535.jpg,Nexe,,,,,,,,,,,,,
P0537.jpg,Nexe,,,,,,,,,,,,,
P0540.jpg,Nexe,,,,,,,,,,,,,
P0543.jpg,Nexe,,,,,,,,,,,,,
P0550.jpg,Nexe,,,,,,,,,,,,,
P0553.jpg,Nexe,,,,,,,,,,,,,
P0554.jpg,Nexe,,,,,,,,,,,,,
P0557.jpg,Nexe,,,,,,,,,,,,,
P0579.jpg,Nexe,,,,,,,,,,,,,
P2106.jpg,Nexe,,,,,,,,,,,,,
P2174.jpg,Nexe,,,,,,,,,,,,,
P2176.jpg,Nexe,,,,,,,,,,,,,
P2368.jpg,Nexe,,,,,,,,,,,,,
P2410.jpg,Nexe,,,,,,,,,,,,,
P2442.jpg,Nexe,,,,,,,,,,,,,
P2479.jpg,Nexe,,,,,,,,,,,,,
P2484.jpg,Nexe,,,,,,,,,,,,,
P2486.jpg,Nexe,,,,,,,,,,,,,
P2501.jpg,Nexe,,,,,,,,,,,,,
P2503.jpg,Nexe,,,,,,,,,,,,,
P2543.jpg,Nexe,,,,,,,,,,,,,
P2545.jpg,Nexe,,,,,,,,,,,,,
P2551.jpg,Nexe,,,,,,,,,,,,,
P2558.jpg,Nexe,,,,,,,,,,,,,
P2585.jpg,Nexe,,,,,,,,,,,,,
P2592.jpg,Nexe,,,,,,,,,,,,,
P2636.jpg,Nexe,,,,,,,,,,,,,
P2657.jpg,Nexe,,,,,,,,,,,,,
P2670.jpg,Nexe,,,,,,,,,,,,,
P2697.jpg,Nexe,,,,,,,,,,,,,
P2709.jpg,Nexe,,,,,,,,,,,,,
P2717.jpg,Nexe,,,,,,,,,,,,,
P2721.jpg,Nexe,,,,,,,,,,,,,
P2730.jpg,Nexe,,,,,,,,,,,,,
P2737.jpg,Nexe,,,,,,,,,,,,,
P2750.jpg,Nexe,,,,,,,,,,,,,
P2764.jpg,Nexe,,,,,,,,,,,,,
P2773.jpg,Nexe,,,,,,,,,,,,,
P2776.jpg,Nexe,,,,,,,,,,,,,
P2796.jpg,Nexe,,,,,,,,,,,,,
P2798.jpg,Nexe,,,,,,,,,,,,,
P2809.jpg,Nexe,,,,,,,,,,,,,
P2812.jpg,Nexe,,,,,,,,,,,,,
P2813.jpg,Nexe,,,,,,,,,,,,,
P5030.jpg,nexe,,,,,,,,,,,,,
P5035.jpg,nexe,,,,,,,,,,,,,
P5038.jpg,nexe,,,,,,,,,,,,,
P5042.jpg,nexe,,,,,,,,,,,,,
P5044.jpg,nexe,,,,,,,,,,,,,
P5060.jpg,nexe,,,,,,,,,,,,,
P5062.jpg,nexe,,,,,,,,,,,,,
P5068.jpg,nexe,,,,,,,,,,,,,
P5076.jpg,nexe,,,,,,,,,,,,,
P5082.jpg,nexe,,,,,,,,,,,,,
P5104.jpg,nexe,,,,,,,,,,,,,
P5118.jpg,nexe,,,,,,,,,,,,,
P5128.jpg,nexe,,,,,,,,,,,,,
P5130.jpg,nexe,,,,,,,,,,,,,
P5137.jpg,nexe,,,,,,,,,,,,,
P5138.jpg,nexe,,,,,,,,,,,,,
P5207.jpg,nexe,,,,,,,,,,,,,
P5208.jpg,nexe,,,,,,,,,,,,,
P5213.jpg,nexe,,,,,,,,,,,,,
P5216.jpg,nexe,,,,,,,,,,,,,
P5249.jpg,nexe,,,,,,,,,,,,,
P5256.jpg,nexe,,,,,,,,,,,,,
P5272.jpg,nexe,,,,,,,,,,,,,
P5285.jpg,nexe,,,,,,,,,,,,,
P5310.jpg,nexe,,,,,,,,,,,,,
P5314.jpg,nexe,,,,,,,,,,,,,
P5348.jpg,nexe,,,,,,,,,,,,,
P5362.jpg,nexe,,,,,,,,,,,,,
P5376.jpg,nexe,,,,,,,,,,,,,
P5391.jpg,nexe,,,,,,,,,,,,,
P5400.jpg,nexe,,,,,,,,,,,,,
P5423.jpg,nexe,,,,,,,,,,,,,
P5481.jpg,nexe,,,,,,,,,,,,,
P5486.jpg,nexe,,,,,,,,,,,,,
P5491.jpg,nexe,,,,,,,,,,,,,
P5496.jpg,nexe,,,,,,,,,,,,,
P5497.jpg,nexe,,,,,,,,,,,,,
P5498.jpg,nexe,,,,,,,,,,,,,
P5499.jpg,nexe,,,,,,,,,,,,,
P5503.jpg,nexe,,,,,,,,,,,,,
P5504.jpg,nexe,,,,,,,,,,,,,
P5505.jpg,nexe,,,,,,,,,,,,,
P5506.jpg,nexe,,,,,,,,,,,,,
P5509.jpg,nexe,,,,,,,,,,,,,
P5521.jpg,nexe,,,,,,,,,,,,,
P5577.jpg,nexe,,,,,,,,,,,,,
P5578.jpg,nexe,,,,,,,,,,,,,
P5204.jpg,nexe ,,,,,,,,,,,,,
P5255.jpg,nexe ,,,,,,,,,,,,,
P0472.jpg,Nexe mups,,,,,,,,,,,,,
P0503.jpg,Nexe mups,,,,,,,,,,,,,
P0896.jpg,Nexe mups,,,,,,,,,,,,,
P1103.jpg,Nexe Mups,,,,,,,,,,,,,
P2373.jpg,Nexe mups,,,,,,,,,,,,,
P2392.jpg,Nexe mups,,,,,,,,,,,,,
P2407.jpg,Nexe mups,,,,,,,,,,,,,
P2419.jpg,Nexe mups,,,,,,,,,,,,,
P2433.jpg,Nexe mups,,,,,,,,,,,,,
P2473.jpg,Nexe mups,,,,,,,,,,,,,
P2655.jpg,Nexe Mups,,,,,,,,,,,,,
P2665.jpg,Nexe Mups,,,,,,,,,,,,,
P5023.jpg,nexe mups,,,,,,,,,,,,,
P5136.jpg,nexe mups,,,,,,,,,,,,,
P5145.jpg,nexe mups,,,,,,,,,,,,,
P5197.jpg,nexe mups,,,,,,,,,,,,,
P5199.jpg,nexe mups,,,,,,,,,,,,,
P5228.jpg,nexe mups,,,,,,,,,,,,,
P5245.jpg,nexe mups,,,,,,,,,,,,,
P5252.jpg,nexe mups,,,,,,,,,,,,,
P5271.jpg,nexe mups,,,,,,,,,,,,,
P5281.jpg,nexe mups,,,,,,,,,,,,,
P5307.jpg,nexe mups,,,,,,,,,,,,,
P5320.jpg,nexe mups,,,,,,,,,,,,,
P5335.jpg,nexe mups,,,,,,,,,,,,,
P5336.jpg,nexe mups,,,,,,,,,,,,,
P5341.jpg,nexe mups,,,,,,,,,,,,,
P5403.jpg,nexe mups,,,,,,,,,,,,,
P5452.jpg,nexe mups,,,,,,,,,,,,,
P5479.jpg,nexe mups,,,,,,,,,,,,,
P5494.jpg,nexe mups,,,,,,,,,,,,,
P0184.jpg,Nexum Mups 20,,,,,,,,,,,,,
P0193.jpg,Nexum Mups 20,,,,,,,,,,,,,
P0210.jpg,Nexum Mups 20,,,,,,,,,,,,,
P0226.jpg,Nexum Mups 20,,,,,,,,,,,,,
P0247.jpg,Nexum Mups 20,,,,,,,,,,,,,
P0253.jpg,Nexum Mups 20,,,,,,,,,,,,,
P0270.jpg,Nexum Mups 20,,,,,,,,,,,,,
P0294.jpg,Nexum Mups 20,,,,,,,,,,,,,
P0425.jpg,Nexum Mups 20,,,,,,,,,,,,,
P0444.jpg,Nexum Mups 20,,,,,,,,,,,,,
P5018.jpg,nexe mvs,,,,,,,,,,,,,
P0174.jpg,Nexemig,,,,,,,,,,,,,
P0187.jpg,Nexemig,,,,,,,,,,,,,
P2152.jpg,Nexe-mups,,,,,,,,,,,,,
P2179.jpg,Nexe-Mups,,,,,,,,,,,,,
P0762.jpg,Nexum,,,,,,,,,,,,,
P2371.jpg,Nexmig 2.5,,,,,,,,,,,,,
P0369.jpg,Nexpro,,,,,,,,,,,,,
P0389.jpg,Nexpro,,,,,,,,,,,,,
P0488.jpg,Nexpro,,,,,,,,,,,,,
P0505.jpg,Nexpro,,,,,,,,,,,,,
P0528.jpg,Nexpro,,,,,,,,,,,,,
P4938.jpg,nexpro,,,,,,,,,,,,,
P0769.jpg,Nexum,,,,,,,,,,,,,
P0788.jpg,Nexum,,,,,,,,,,,,,
P0810.jpg,Nexum,,,,,,,,,,,,,
P0834.jpg,Nexum,,,,,,,,,,,,,
P0840.jpg,Nexum,,,,,,,,,,,,,
P0847.jpg,Nexum,,,,,,,,,,,,,
P0863.jpg,Nexum,,,,,,,,,,,,,
P0879.jpg,Nexum,,,,,,,,,,,,,
P0926.jpg,Nexum,,,,,,,,,,,,,
P0932.jpg,Nexum,,,,,,,,,,,,,
P0938.jpg,Nexum,,,,,,,,,,,,,
P0945.jpg,Nexum,,,,,,,,,,,,,
P0977.jpg,Nexum,,,,,,,,,,,,,
P1059.jpg,nexum,,,,,,,,,,,,,
P1072.jpg,nexum,,,,,,,,,,,,,
P1463.jpg,Nexum,,,,,,,,,,,,,
P1586.jpg,Nexum,,,,,,,,,,,,,
P1624.jpg,Nexum,,,,,,,,,,,,,
P1644.jpg,Nexum,,,,,,,,,,,,,
P1708.jpg,Nexum,,,,,,,,,,,,,
P1778.jpg,Nexum,,,,,,,,,,,,,
P1888.jpg,Nexum,,,,,,,,,,,,,
P2038.jpg,Nexum,,,,,,,,,,,,,
P2043.jpg,Nexum,,,,,,,,,,,,,
P2203.jpg,Nexum,,,,,,,,,,,,,
P2249.jpg,Nexum,,,,,,,,,,,,,
P2259.jpg,Nexum,,,,,,,,,,,,,
P2265.jpg,Nexum,,,,,,,,,,,,,
P2274.jpg,Nexum,,,,,,,,,,,,,
P2280.jpg,Nexum,,,,,,,,,,,,,
P2298.jpg,Nexum,,,,,,,,,,,,,
P2318.jpg,Nexum,,,,,,,,,,,,,
P2324.jpg,Nexum,,,,,,,,,,,,,
P2506.jpg,Nexum,,,,,,,,,,,,,
P2529.jpg,Nexum,,,,,,,,,,,,,
P2835.jpg,Nexum,,,,,,,,,,,,,
P2869.jpg,Nexum,,,,,,,,,,,,,
P2895.jpg,Nexum,,,,,,,,,,,,,
P2920.jpg,Nexum,,,,,,,,,,,,,
P2936.jpg,Nexum,,,,,,,,,,,,,
P2941.jpg,Nexum,,,,,,,,,,,,,
P2961.jpg,Nexum,,,,,,,,,,,,,
P2994.jpg,Nexum,,,,,,,,,,,,,
P3059.jpg,Nexum,,,,,,,,,,,,,
P3074.jpg,Nexum,,,,,,,,,,,,,
P3093.jpg,Nexum,,,,,,,,,,,,,
P1408.jpg,Nexum Mups,,,,,,,,,,,,,
P1676.jpg,Nexum Mups,,,,,,,,,,,,,
P1977.jpg,Nexum mups,,,,,,,,,,,,,
P2208.jpg,Nexum Mups,,,,,,,,,,,,,
P2290.jpg,Nexum Mups,,,,,,,,,,,,,
P2356.jpg,Nexum Mups,,,,,,,,,,,,,
P2465.jpg,Nexum Mups,,,,,,,,,,,,,
P3030.jpg,Nexum Mups,,,,,,,,,,,,,
P2003.jpg,Nexum mups 20,,,,,,,,,,,,,
P2006.jpg,Nexum mups 20,,,,,,,,,,,,,
P2065.jpg,Nexum mups 20,,,,,,,,,,,,,
P2141.jpg,Nexum-mups,,,,,,,,,,,,,
P0961.jpg,Nexum,,,,,,,,,,,,,
P1183.jpg,Nexum,,,,,,,,,,,,,
P1285.jpg,Nexum,,,,,,,,,,,,,
P3636.jpg,Nidipine SR,,,,,,,,,,,,,
P3635.jpg,Nifin SR,,,,,,,,,,,,,
P3642.jpg,Nifin SR,,,,,,,,,,,,,
P3648.jpg,Nifin SR,,,,,,,,,,,,,
P0026.jpg,Nimens,,,,,,,,,,,,,
P4160.jpg,Nimifete,,,,,,,,,,,,,
P4587.jpg,nintoin sr,,,,,,,,,,,,,
P5480.jpg,nintoin sr,,,,,,,,,,,,,
P3248.jpg,Niobcard Rtd,,,,,,,,,,,,,
P3257.jpg,Niobcard Rtd,,,,,,,,,,,,,
P1217.jpg,nislofs,,,,,,,,,,,,,
P2125.jpg,N-Itepa,,,,,,,,,,,,,
P2114.jpg,Nitr,,,,,,,,,,,,,
P1556.jpg,Nitrocontive,,,,,,,,,,,,,
P0043.jpg,Nitrofur,,,,,,,,,,,,,
P2453.jpg,Nitro-SR,,,,,,,,,,,,,
P1655.jpg,N-Max,,,,,,,,,,,,,
P2184.jpg,N-MAX,,,,,,,,,,,,,
P2395.jpg,N-max,,,,,,,,,,,,,
P5343.jpg,n-max,,,,,,,,,,,,,
P0064.jpg,N-MAX SO,,,,,,,,,,,,,
P1689.jpg,Nonum,,,,,,,,,,,,,
P1845.jpg,Nonum,,,,,,,,,,,,,
P1916.jpg,Nonum,,,,,,,,,,,,,
P0480.jpg,Nopxon,,,,,,,,,,,,,
P2235.jpg,Norestin,,,,,,,,,,,,,
P2881.jpg,Norestin,,,,,,,,,,,,,
P2344.jpg,Norim D,,,,,,,,,,,,,
P0646.jpg,norium,,,,,,,,,,,,,
P0818.jpg,Norium,,,,,,,,,,,,,
P1218.jpg,Norium,,,,,,,,,,,,,
P1608.jpg,Norium,,,,,,,,,,,,,
P5147.jpg,norium,,,,,,,,,,,,,
P5476.jpg,norium,,,,,,,,,,,,,
P1940.jpg,Norium 5,,,,,,,,,,,,,
P3692.jpg,Normal,,,,,,,,,,,,,
P3749.jpg,Normal,,,,,,,,,,,,,
P3899.jpg,Normal,,,,,,,,,,,,,
P3904.jpg,Normal,,,,,,,,,,,,,
P3939.jpg,Normal,,,,,,,,,,,,,
P3948.jpg,Normal,,,,,,,,,,,,,
P3957.jpg,Normal,,,,,,,,,,,,,
P3971.jpg,Normal,,,,,,,,,,,,,
P3981.jpg,Normal,,,,,,,,,,,,,
P3991.jpg,Normal,,,,,,,,,,,,,
P4015.jpg,Normal,,,,,,,,,,,,,
P4028.jpg,Normal,,,,,,,,,,,,,
P4072.jpg,Normal,,,,,,,,,,,,,
P4088.jpg,Normal,,,,,,,,,,,,,
P4104.jpg,Normal,,,,,,,,,,,,,
P4120.jpg,Normal,,,,,,,,,,,,,
P4128.jpg,Normal,,,,,,,,,,,,,
P4136.jpg,Normal,,,,,,,,,,,,,
P4141.jpg,Normal,,,,,,,,,,,,,
P4194.jpg,Normal,,,,,,,,,,,,,
P4209.jpg,Normal,,,,,,,,,,,,,
P4218.jpg,Normal,,,,,,,,,,,,,
P4222.jpg,Normal,,,,,,,,,,,,,
P4234.jpg,Normal,,,,,,,,,,,,,
P4246.jpg,Normal,,,,,,,,,,,,,
P4256.jpg,Normal,,,,,,,,,,,,,
P4305.jpg,Normal,,,,,,,,,,,,,
P4365.jpg,Normal,,,,,,,,,,,,,
P4421.jpg,Normal,,,,,,,,,,,,,
P4434.jpg,Normal,,,,,,,,,,,,,
P4525.jpg,normal,,,,,,,,,,,,,
P4529.jpg,normal,,,,,,,,,,,,,
P4978.jpg,normal,,,,,,,,,,,,,
P5059.jpg,normanal,,,,,,,,,,,,,
P0360.jpg,Normant,,,,,,,,,,,,,
P2227.jpg,Normeivo,,,,,,,,,,,,,
P0902.jpg,Normen,,,,,,,,,,,,,
P0518.jpg,Normens,,,,,,,,,,,,,
P0533.jpg,Normens,,,,,,,,,,,,,
P2234.jpg,Normens,,,,,,,,,,,,,
P2247.jpg,Normens,,,,,,,,,,,,,
P2893.jpg,Normens,,,,,,,,,,,,,
P5482.jpg,normens,,,,,,,,,,,,,
P3743.jpg,Norsol,,,,,,,,,,,,,
P3769.jpg,Norsol,,,,,,,,,,,,,
P3787.jpg,Norsol,,,,,,,,,,,,,
P0127.jpg,Nortum,,,,,,,,,,,,,
P1144.jpg,noswua,,,,,,,,,,,,,
P1151.jpg,noswvc,,,,,,,,,,,,,
P3020.jpg,Novelin lite,,,,,,,,,,,,,
P0823.jpg,Novelon lite,,,,,,,,,,,,,
P2911.jpg,Novelon Lite,,,,,,,,,,,,,
P2981.jpg,Novelon Lite,,,,,,,,,,,,,
P5239.jpg,novonil,,,,,,,,,,,,,
P2111.jpg,Novotrif,,,,,,,,,,,,,
P0594.jpg,Novotril,,,,,,,,,,,,,
P5392.jpg,novotril,,,,,,,,,,,,,
P2922.jpg,Nucef-cv,,,,,,,,,,,,,
P3070.jpg,Nucef-CV,,,,,,,,,,,,,
P1292.jpg,Nufrifil Cold,,,,,,,,,,,,,
P1168.jpg,Nufvw,,,,,,,,,,,,,
P1182.jpg,Nufw,,,,,,,,,,,,,
P1206.jpg,Nufw,,,,,,,,,,,,,
P1272.jpg,Nufw,,,,,,,,,,,,,
P1755.jpg,Nufw,,,,,,,,,,,,,
P1793.jpg,Nufw,,,,,,,,,,,,,
P1821.jpg,Nufw,,,,,,,,,,,,,
P1920.jpg,Nufw,,,,,,,,,,,,,
P1989.jpg,Nufw,,,,,,,,,,,,,
P2064.jpg,Nufw,,,,,,,,,,,,,
P1145.jpg,Nuhw,,,,,,,,,,,,,
P5302.jpg,nuloc,,,,,,,,,,,,,
P1256.jpg,Nulrifil Golf,,,,,,,,,,,,,
P3147.jpg,Nurnal,,,,,,,,,,,,,
P3394.jpg,Nutridex,,,,,,,,,,,,,
P3395.jpg,Nutridex,,,,,,,,,,,,,
P1022.jpg,nutrifil,,,,,,,,,,,,,
P1626.jpg,Nuvifer,,,,,,,,,,,,,
P1635.jpg,Nuvifer,,,,,,,,,,,,,
P0957.jpg,Nystat,,,,,,,,,,,,,
P0973.jpg,Nystat,,,,,,,,,,,,,
P1089.jpg,nystat,,,,,,,,,,,,,
P4537.jpg,o2 inhalation,,,,,,,,,,,,,
P4674.jpg,o2 inhalation,,,,,,,,,,,,,
P4689.jpg,o2 inhalation,,,,,,,,,,,,,
P4831.jpg,o2 inhalation,,,,,,,,,,,,,
P4909.jpg,o2 inhalation,,,,,,,,,,,,,
P4933.jpg,o2 inhalation,,,,,,,,,,,,,
P2836.jpg,Ocef,,,,,,,,,,,,,
P2609.jpg,Oclazid,,,,,,,,,,,,,
P0185.jpg,ocof,,,,,,,,,,,,,
P0429.jpg,ocof,,,,,,,,,,,,,
P2229.jpg,ofran,,,,,,,,,,,,,
P2876.jpg,Ofran,,,,,,,,,,,,,
P3080.jpg,Ofran,,,,,,,,,,,,,
P0843.jpg,Ointment,,,,,,,,,,,,,
P0990.jpg,ointment,,,,,,,,,,,,,
P4769.jpg,ointment,,,,,,,,,,,,,
P4871.jpg,ointment,,,,,,,,,,,,,
P4912.jpg,ointment,,,,,,,,,,,,,
P4930.jpg,ointment,,,,,,,,,,,,,
P5096.jpg,ointment,,,,,,,,,,,,,
P1138.jpg,Omastin,,,,,,,,,,,,,
P0046.jpg,Omep,,,,,,,,,,,,,
P0049.jpg,Omep,,,,,,,,,,,,,
P0056.jpg,Omep,,,,,,,,,,,,,
P0059.jpg,Omep,,,,,,,,,,,,,
P3228.jpg,Omep,,,,,,,,,,,,,
P3239.jpg,Omep,,,,,,,,,,,,,
P3266.jpg,Omep,,,,,,,,,,,,,
P3277.jpg,Omep,,,,,,,,,,,,,
P3909.jpg,Omep,,,,,,,,,,,,,
P3923.jpg,Omep,,,,,,,,,,,,,
P3946.jpg,Omep,,,,,,,,,,,,,
P4300.jpg,Omep,,,,,,,,,,,,,
P4329.jpg,Omep,,,,,,,,,,,,,
P4367.jpg,Omep,,,,,,,,,,,,,
P4484.jpg,omep,,,,,,,,,,,,,
P4636.jpg,omep,,,,,,,,,,,,,
P4723.jpg,omep,,,,,,,,,,,,,
P4734.jpg,omep,,,,,,,,,,,,,
P4796.jpg,omep,,,,,,,,,,,,,
P4838.jpg,omep,,,,,,,,,,,,,
P4850.jpg,omep,,,,,,,,,,,,,
P4896.jpg,omep,,,,,,,,,,,,,
P4949.jpg,omep,,,,,,,,,,,,,
P3886.jpg,Omep ,,,,,,,,,,,,,
P4282.jpg,Omep ,,,,,,,,,,,,,
P3113.jpg,Omeprazole,,,,,,,,,,,,,
P3118.jpg,Omeprazole,,,,,,,,,,,,,
P3125.jpg,Omeprazole,,,,,,,,,,,,,
P3134.jpg,Omeprazole,,,,,,,,,,,,,
P3171.jpg,Omeprazole,,,,,,,,,,,,,
P3203.jpg,Omeprazole,,,,,,,,,,,,,
P3208.jpg,Omeprazole,,,,,,,,,,,,,
P3220.jpg,Omeprazole,,,,,,,,,,,,,
P3251.jpg,Omeprazole,,,,,,,,,,,,,
P3260.jpg,Omeprazole,,,,,,,,,,,,,
P3282.jpg,Omeprazole,,,,,,,,,,,,,
P3286.jpg,Omeprazole,,,,,,,,,,,,,
P3292.jpg,Omeprazole,,,,,,,,,,,,,
P3297.jpg,Omeprazole,,,,,,,,,,,,,
P3309.jpg,Omeprazole,,,,,,,,,,,,,
P3318.jpg,Omeprazole,,,,,,,,,,,,,
P3324.jpg,Omeprazole,,,,,,,,,,,,,
P3330.jpg,Omeprazole,,,,,,,,,,,,,
P3336.jpg,Omeprazole,,,,,,,,,,,,,
P3341.jpg,Omeprazole,,,,,,,,,,,,,
P3348.jpg,Omeprazole,,,,,,,,,,,,,
P3358.jpg,Omeprazole,,,,,,,,,,,,,
P3362.jpg,Omeprazole,,,,,,,,,,,,,
P3366.jpg,Omeprazole,,,,,,,,,,,,,
P3370.jpg,Omeprazole,,,,,,,,,,,,,
P3374.jpg,Omeprazole,,,,,,,,,,,,,
P3378.jpg,Omeprazole,,,,,,,,,,,,,
P3383.jpg,Omeprazole,,,,,,,,,,,,,
P3391.jpg,Omeprazole,,,,,,,,,,,,,
P3400.jpg,Omeprazole,,,,,,,,,,,,,
P3407.jpg,Omeprazole,,,,,,,,,,,,,
P3425.jpg,Omeprazole,,,,,,,,,,,,,
P3436.jpg,Omeprazole,,,,,,,,,,,,,
P3443.jpg,Omeprazole,,,,,,,,,,,,,
P3446.jpg,Omeprazole,,,,,,,,,,,,,
P3450.jpg,Omeprazole,,,,,,,,,,,,,
P3457.jpg,Omeprazole,,,,,,,,,,,,,
P3467.jpg,Omeprazole,,,,,,,,,,,,,
P3470.jpg,Omeprazole,,,,,,,,,,,,,
P3478.jpg,Omeprazole,,,,,,,,,,,,,
P3491.jpg,Omeprazole,,,,,,,,,,,,,
P3496.jpg,Omeprazole,,,,,,,,,,,,,
P3503.jpg,Omeprazole,,,,,,,,,,,,,
P3509.jpg,Omeprazole,,,,,,,,,,,,,
P3515.jpg,Omeprazole,,,,,,,,,,,,,
P3524.jpg,Omeprazole,,,,,,,,,,,,,
P3535.jpg,Omeprazole,,,,,,,,,,,,,
P3542.jpg,Omeprazole,,,,,,,,,,,,,
P3548.jpg,Omeprazole,,,,,,,,,,,,,
P3562.jpg,Omeprazole,,,,,,,,,,,,,
P3603.jpg,Omeprazole,,,,,,,,,,,,,
P3656.jpg,Omeprazole,,,,,,,,,,,,,
P3707.jpg,Omeprazole,,,,,,,,,,,,,
P3758.jpg,Omeprazole,,,,,,,,,,,,,
P3794.jpg,Omeprazole,,,,,,,,,,,,,
P3805.jpg,Omeprazole,,,,,,,,,,,,,
P3811.jpg,Omeprazole,,,,,,,,,,,,,
P3821.jpg,Omeprazole,,,,,,,,,,,,,
P3828.jpg,Omeprazole,,,,,,,,,,,,,
P3846.jpg,Omeprazole,,,,,,,,,,,,,
P3918.jpg,Omeprazole,,,,,,,,,,,,,
P3928.jpg,Omeprazole,,,,,,,,,,,,,
P3934.jpg,Omeprazole,,,,,,,,,,,,,
P3937.jpg,Omeprazole,,,,,,,,,,,,,
P3954.jpg,Omeprazole,,,,,,,,,,,,,
P3965.jpg,Omeprazole,,,,,,,,,,,,,
P3986.jpg,Omeprazole,,,,,,,,,,,,,
P4011.jpg,Omeprazole,,,,,,,,,,,,,
P4078.jpg,Omeprazole,,,,,,,,,,,,,
P4092.jpg,Omeprazole,,,,,,,,,,,,,
P4108.jpg,Omeprazole,,,,,,,,,,,,,
P4125.jpg,Omeprazole,,,,,,,,,,,,,
P4173.jpg,Omeprazole,,,,,,,,,,,,,
P4213.jpg,Omeprazole,,,,,,,,,,,,,
P4220.jpg,Omeprazole,,,,,,,,,,,,,
P4228.jpg,Omeprazole,,,,,,,,,,,,,
P4240.jpg,Omeprazole,,,,,,,,,,,,,
P4267.jpg,Omeprazole,,,,,,,,,,,,,
P4333.jpg,Omeprazole,,,,,,,,,,,,,
P4345.jpg,Omeprazole,,,,,,,,,,,,,
P4386.jpg,Omeprazole,,,,,,,,,,,,,
P4408.jpg,Omeprazole,,,,,,,,,,,,,
P4414.jpg,Omeprazole,,,,,,,,,,,,,
P4428.jpg,Omeprazole,,,,,,,,,,,,,
P4442.jpg,Omeprazole,,,,,,,,,,,,,
P4450.jpg,Omeprazole,,,,,,,,,,,,,
P4456.jpg,Omeprazole,,,,,,,,,,,,,
P4527.jpg,omeprazole,,,,,,,,,,,,,
P4541.jpg,omeprazole,,,,,,,,,,,,,
P4588.jpg,omeprazole,,,,,,,,,,,,,
P4610.jpg,omeprazole,,,,,,,,,,,,,
P4657.jpg,omeprazole,,,,,,,,,,,,,
P4677.jpg,omeprazole,,,,,,,,,,,,,
P4709.jpg,omeprazole,,,,,,,,,,,,,
P4748.jpg,omeprazole,,,,,,,,,,,,,
P4758.jpg,omeprazole,,,,,,,,,,,,,
P4786.jpg,omeprazole,,,,,,,,,,,,,
P4824.jpg,omeprazole,,,,,,,,,,,,,
P4866.jpg,omeprazole,,,,,,,,,,,,,
P4904.jpg,omeprazole,,,,,,,,,,,,,
P4918.jpg,omeprazole,,,,,,,,,,,,,
P4971.jpg,omeprazole,,,,,,,,,,,,,
P4980.jpg,omeprazole,,,,,,,,,,,,,
P4989.jpg,omeprazole,,,,,,,,,,,,,
P4334.jpg,Ometid,,,,,,,,,,,,,
P2289.jpg,Omidon,,,,,,,,,,,,,
P2314.jpg,Omidon,,,,,,,,,,,,,
P2531.jpg,Omidon,,,,,,,,,,,,,
P2623.jpg,Omidon,,,,,,,,,,,,,
P2642.jpg,Omidon,,,,,,,,,,,,,
P2711.jpg,Omidon,,,,,,,,,,,,,
P2790.jpg,Omidon,,,,,,,,,,,,,
P2960.jpg,Omidon,,,,,,,,,,,,,
P2989.jpg,Omidon,,,,,,,,,,,,,
P3361.jpg,Omidon,,,,,,,,,,,,,
P3452.jpg,Omidon,,,,,,,,,,,,,
P3455.jpg,Omidon,,,,,,,,,,,,,
P3465.jpg,Omidon,,,,,,,,,,,,,
P4037.jpg,Omidon,,,,,,,,,,,,,
P5262.jpg,omidon,,,,,,,,,,,,,
P5416.jpg,omidon,,,,,,,,,,,,,
P5425.jpg,omidon,,,,,,,,,,,,,
P5454.jpg,omidon,,,,,,,,,,,,,
P5523.jpg,omidon,,,,,,,,,,,,,
P5541.jpg,omidon,,,,,,,,,,,,,
P4513.jpg,omira,,,,,,,,,,,,,
P3012.jpg,Onacal-D,,,,,,,,,,,,,
P4939.jpg,onaseron,,,,,,,,,,,,,
P4962.jpg,onaseron,,,,,,,,,,,,,
P2427.jpg,Optimax,,,,,,,,,,,,,
P2554.jpg,Optimax,,,,,,,,,,,,,
P2727.jpg,Optimax,,,,,,,,,,,,,
P4775.jpg,optimox,,,,,,,,,,,,,
P2707.jpg,Oricef,,,,,,,,,,,,,
P2786.jpg,Oricef,,,,,,,,,,,,,
P5221.jpg,oricef,,,,,,,,,,,,,
P5527.jpg,oricef,,,,,,,,,,,,,
P2380.jpg,Orinou-D,,,,,,,,,,,,,
P5132.jpg,ornopain,,,,,,,,,,,,,
P5190.jpg,ornopain,,,,,,,,,,,,,
P0416.jpg,Orofer,,,,,,,,,,,,,
P4997.jpg,osec,,,,,,,,,,,,,
P0316.jpg,Ossica,,,,,,,,,,,,,
P5371.jpg,ossica,,,,,,,,,,,,,
P1230.jpg,ostalal Cex ,,,,,,,,,,,,,
P1037.jpg,ostocal,,,,,,,,,,,,,
P5306.jpg,ostocal,,,,,,,,,,,,,
P5358.jpg,ostocal,,,,,,,,,,,,,
P1754.jpg,Othera,,,,,,,,,,,,,
P2246.jpg,Othera,,,,,,,,,,,,,
P2313.jpg,Othera,,,,,,,,,,,,,
P2349.jpg,Othera,,,,,,,,,,,,,
P2892.jpg,Othera,,,,,,,,,,,,,
P2988.jpg,Othera,,,,,,,,,,,,,
P3005.jpg,Othera,,,,,,,,,,,,,
P3010.jpg,Othera,,,,,,,,,,,,,
P2109.jpg,Ovit-A,,,,,,,,,,,,,
P5090.jpg,oxycol,,,,,,,,,,,,,
P4517.jpg,p/c,,,,,,,,,,,,,
P4590.jpg,p/c,,,,,,,,,,,,,
P4678.jpg,p/c,,,,,,,,,,,,,
P4712.jpg,p/c,,,,,,,,,,,,,
P4726.jpg,p/c,,,,,,,,,,,,,
P4950.jpg,p/c,,,,,,,,,,,,,
P5009.jpg,p/c,,,,,,,,,,,,,
P2158.jpg,Pain at calf,,,,,,,,,,,,,
P2182.jpg,Pain at calf,,,,,,,,,,,,,
P4393.jpg,Pair,,,,,,,,,,,,,
P0326.jpg,Palonron,,,,,,,,,,,,,
P2632.jpg,Paloven,,,,,,,,,,,,,
P0039.jpg,Paloxi,,,,,,,,,,,,,
P0053.jpg,Paloxi,,,,,,,,,,,,,
P0983.jpg,Paloxi,,,,,,,,,,,,,
P1123.jpg,Paloxi,,,,,,,,,,,,,
P1128.jpg,Paloxi,,,,,,,,,,,,,
P1198.jpg,Paloxi,,,,,,,,,,,,,
P1225.jpg,Paloxi,,,,,,,,,,,,,
P1440.jpg,Paloxi,,,,,,,,,,,,,
P1491.jpg,Paloxi,,,,,,,,,,,,,
P1923.jpg,Paloxi,,,,,,,,,,,,,
P2076.jpg,Paloxi,,,,,,,,,,,,,
P3243.jpg,Paloxi,,,,,,,,,,,,,
P0020.jpg,palpitation,,,,,,,,,,,,,
P1851.jpg,Pama Serg,,,,,,,,,,,,,
P1885.jpg,Pama Serg,,,,,,,,,,,,,
P0620.jpg,Panaseng,,,,,,,,,,,,,
P0025.jpg,Panied,,,,,,,,,,,,,
P0447.jpg,pantonix,,,,,,,,,,,,,
P0597.jpg,Pantonix,,,,,,,,,,,,,
P2429.jpg,Pantonix,,,,,,,,,,,,,
P2627.jpg,Pantonix,,,,,,,,,,,,,
P4041.jpg,Pantonix,,,,,,,,,,,,,
P3951.jpg,Paracetamol,,,,,,,,,,,,,
P4076.jpg,Paracetamol,,,,,,,,,,,,,
P4090.jpg,Paracetamol,,,,,,,,,,,,,
P4106.jpg,Paracetamol,,,,,,,,,,,,,
P4315.jpg,Paracetamol,,,,,,,,,,,,,
P3112.jpg,Paracetamol,,,,,,,,,,,,,
P3117.jpg,Paracetamol,,,,,,,,,,,,,
P3124.jpg,Paracetamol,,,,,,,,,,,,,
P5229.jpg,pase,,,,,,,,,,,,,
P5315.jpg,pase,,,,,,,,,,,,,
P2588.jpg,Pauion,,,,,,,,,,,,,
P5143.jpg,paveset,,,,,,,,,,,,,
P0800.jpg,pel. Desolan,,,,,,,,,,,,,
P1362.jpg,Peli. Derolon,,,,,,,,,,,,,
P2062.jpg,Pelverin,,,,,,,,,,,,,
P1221.jpg,Peridon,,,,,,,,,,,,,
P0255.jpg,Periodontitis,,,,,,,,,,,,,
P3311.jpg,Pethidine,,,,,,,,,,,,,
P3331.jpg,Pethidine,,,,,,,,,,,,,
P2514.jpg,PG,,,,,,,,,,,,,
P3014.jpg,PG,,,,,,,,,,,,,
P1961.jpg,Phauolid Soaf,,,,,,,,,,,,,
P0631.jpg,Phenocid,,,,,,,,,,,,,
P2528.jpg,Phylopen,,,,,,,,,,,,,
P5120.jpg,phylopen,,,,,,,,,,,,,
P5184.jpg,phylopen,,,,,,,,,,,,,
P5233.jpg,phylopen,,,,,,,,,,,,,
P5402.jpg,phylopen,,,,,,,,,,,,,
P5413.jpg,phylopen,,,,,,,,,,,,,
P5422.jpg,phylopen,,,,,,,,,,,,,
P5451.jpg,phylopen,,,,,,,,,,,,,
P2767.jpg,Phylopen-Ds,,,,,,,,,,,,,
P2535.jpg,Pirulin,,,,,,,,,,,,,
P2127.jpg,Plagnin,,,,,,,,,,,,,
P2630.jpg,Plagrin,,,,,,,,,,,,,
P1950.jpg,plaqriw plus,,,,,,,,,,,,,
P1539.jpg,Pli 50,,,,,,,,,,,,,
P0776.jpg,Plus,,,,,,,,,,,,,
P5354.jpg,ponsal,,,,,,,,,,,,,
P5549.jpg,ponsal,,,,,,,,,,,,,
P5563.jpg,ponsal,,,,,,,,,,,,,
P5568.jpg,ponsal,,,,,,,,,,,,,
P5571.jpg,ponsal,,,,,,,,,,,,,
P1442.jpg,Povifep,,,,,,,,,,,,,
P0079.jpg,Povital,,,,,,,,,,,,,
P0097.jpg,Povital,,,,,,,,,,,,,
P0587.jpg,Povital,,,,,,,,,,,,,
P2606.jpg,Povital,,,,,,,,,,,,,
P2684.jpg,Povital,,,,,,,,,,,,,
P2741.jpg,Povital,,,,,,,,,,,,,
P1766.jpg,PPI,,,,,,,,,,,,,
P0054.jpg,Precabil,,,,,,,,,,,,,
P5316.jpg,prechery,,,,,,,,,,,,,
P0109.jpg,Pregan,,,,,,,,,,,,,
P1926.jpg,pregmo,,,,,,,,,,,,,
P1056.jpg,Pregmos,,,,,,,,,,,,,
P0169.jpg,prelics CR,,,,,,,,,,,,,
P5192.jpg,premac,,,,,,,,,,,,,
P5465.jpg,premac,,,,,,,,,,,,,
P0132.jpg,Prestal,,,,,,,,,,,,,
P0366.jpg,Prestel,,,,,,,,,,,,,
P0394.jpg,Prestel,,,,,,,,,,,,,
P0413.jpg,Prestel,,,,,,,,,,,,,
P0486.jpg,Prestel,,,,,,,,,,,,,
P0510.jpg,Prestel,,,,,,,,,,,,,
P1356.jpg,Prindof,,,,,,,,,,,,,
P1496.jpg,Prindof,,,,,,,,,,,,,
P1534.jpg,Prindof,,,,,,,,,,,,,
P1550.jpg,Prindof,,,,,,,,,,,,,
P1691.jpg,Prindof,,,,,,,,,,,,,
P1847.jpg,Prindof,,,,,,,,,,,,,
P1790.jpg,Pripmmf,,,,,,,,,,,,,
P2312.jpg,Priten,,,,,,,,,,,,,
P1825.jpg,Prnzofress,,,,,,,,,,,,,
P2053.jpg,Pro Gio,,,,,,,,,,,,,
P0676.jpg,probio,,,,,,,,,,,,,
P2705.jpg,Profen,,,,,,,,,,,,,
P0067.jpg,Profenid Gel,,,,,,,,,,,,,
P2617.jpg,Profenid Gell,,,,,,,,,,,,,
P2556.jpg,Profinex,,,,,,,,,,,,,
P2024.jpg,Profrauof,,,,,,,,,,,,,
P1057.jpg,progest,,,,,,,,,,,,,
P5287.jpg,progut,,,,,,,,,,,,,
P1331.jpg,Proindof,,,,,,,,,,,,,
P3823.jpg,Proliv,,,,,,,,,,,,,
P1008.jpg,prolix,,,,,,,,,,,,,
P1041.jpg,prolix,,,,,,,,,,,,,
P5085.jpg,prompton,,,,,,,,,,,,,
P2149.jpg,Pronex,,,,,,,,,,,,,
P2472.jpg,Pronex,,,,,,,,,,,,,
P2499.jpg,Pronex,,,,,,,,,,,,,
P5442.jpg,pronex,,,,,,,,,,,,,
P2437.jpg,Pronex Mups,,,,,,,,,,,,,
P5179.jpg,pronex mups,,,,,,,,,,,,,
P0656.jpg,propenta,,,,,,,,,,,,,
P1744.jpg,prosesf,,,,,,,,,,,,,
P4569.jpg,protein,,,,,,,,,,,,,
P4601.jpg,protein,,,,,,,,,,,,,
P4620.jpg,protein,,,,,,,,,,,,,
P4648.jpg,protein,,,,,,,,,,,,,
P4672.jpg,protein,,,,,,,,,,,,,
P4702.jpg,protein,,,,,,,,,,,,,
P4742.jpg,protein,,,,,,,,,,,,,
P4779.jpg,protein,,,,,,,,,,,,,
P4821.jpg,protein,,,,,,,,,,,,,
P4847.jpg,protein,,,,,,,,,,,,,
P4854.jpg,protein,,,,,,,,,,,,,
P4895.jpg,protein,,,,,,,,,,,,,
P4935.jpg,protein,,,,,,,,,,,,,
P1247.jpg,Protio,,,,,,,,,,,,,
P1274.jpg,Protio,,,,,,,,,,,,,
P2089.jpg,Protio,,,,,,,,,,,,,
P2269.jpg,Purifen,,,,,,,,,,,,,
P2330.jpg,Purifen,,,,,,,,,,,,,
P2930.jpg,Purifen,,,,,,,,,,,,,
P2390.jpg,Purisal,,,,,,,,,,,,,
P2525.jpg,Purisal,,,,,,,,,,,,,
P5324.jpg,purisal,,,,,,,,,,,,,
P5330.jpg,purisal,,,,,,,,,,,,,
P5544.jpg,purisal,,,,,,,,,,,,,
P0358.jpg,Purtisol,,,,,,,,,,,,,
P1922.jpg,Qtof,,,,,,,,,,,,,
P2763.jpg,Quiet,,,,,,,,,,,,,
P1941.jpg,Quridew,,,,,,,,,,,,,
P0077.jpg,Radifil,,,,,,,,,,,,,
P0083.jpg,Radifil,,,,,,,,,,,,,
P0095.jpg,Radifil,,,,,,,,,,,,,
P0667.jpg,radiflex,,,,,,,,,,,,,
P1595.jpg,Radiflex rafid,,,,,,,,,,,,,
P0377.jpg,Raditil,,,,,,,,,,,,,
P0403.jpg,Raditil,,,,,,,,,,,,,
P0408.jpg,Raditil,,,,,,,,,,,,,
P0484.jpg,Raditil,,,,,,,,,,,,,
P0519.jpg,Raditil,,,,,,,,,,,,,
P2570.jpg,Raditil,,,,,,,,,,,,,
P5370.jpg,raditil,,,,,,,,,,,,,
P0450.jpg,Raditril,,,,,,,,,,,,,
P2051.jpg,Rafiflo 8,,,,,,,,,,,,,
P0289.jpg,Rafino Forte,,,,,,,,,,,,,
P0485.jpg,Ralee,,,,,,,,,,,,,
P1938.jpg,Ralripus,,,,,,,,,,,,,
P1982.jpg,Rasiflep,,,,,,,,,,,,,
P1480.jpg,Rasiflex,,,,,,,,,,,,,
P1535.jpg,Rasiflex,,,,,,,,,,,,,
P0592.jpg,Ratinol,,,,,,,,,,,,,
P5363.jpg,ratinol,,,,,,,,,,,,,
P5388.jpg,ratinol,,,,,,,,,,,,,
P5445.jpg,ratinol,,,,,,,,,,,,,
P5524.jpg,ratinol,,,,,,,,,,,,,
P5534.jpg,ratinol,,,,,,,,,,,,,
P2703.jpg,Ratinol Forte,,,,,,,,,,,,,
P5263.jpg,ratnol,,,,,,,,,,,,,
P1964.jpg,Raufitfup plus,,,,,,,,,,,,,
P2068.jpg,Rausiflex Plus,,,,,,,,,,,,,
P1865.jpg,Ravliflex,,,,,,,,,,,,,
P5101.jpg,rbc,,,,,,,,,,,,,
P3724.jpg,RBS,,,,,,,,,,,,,
P3764.jpg,RBS,,,,,,,,,,,,,
P3996.jpg,RBS,,,,,,,,,,,,,
P1415.jpg,Rcef-Dx,,,,,,,,,,,,,
P2266.jpg,Rebe,,,,,,,,,,,,,
P2331.jpg,Rebe,,,,,,,,,,,,,
P2931.jpg,Rebe,,,,,,,,,,,,,
P5237.jpg,rechnol,,,,,,,,,,,,,
P1251.jpg,Reconil,,,,,,,,,,,,,
P5300.jpg,rectinol,,,,,,,,,,,,,
P1409.jpg,Reefcal-Dx,,,,,,,,,,,,,
P2245.jpg,Reef-Dx,,,,,,,,,,,,,
P2891.jpg,Reef-Dx,,,,,,,,,,,,,
P0968.jpg,reelife,,,,,,,,,,,,,
P2199.jpg,Reelife,,,,,,,,,,,,,
P2079.jpg,Reelifr,,,,,,,,,,,,,
P2102.jpg,Reelifr,,,,,,,,,,,,,
P4162.jpg,Regler,,,,,,,,,,,,,
P3164.jpg,Regular,,,,,,,,,,,,,
P0638.jpg,Relaxo,,,,,,,,,,,,,
P1604.jpg,Relaxo,,,,,,,,,,,,,
P1983.jpg,Relenfn,,,,,,,,,,,,,
P1410.jpg,relenten,,,,,,,,,,,,,
P1460.jpg,relenten,,,,,,,,,,,,,
P1617.jpg,Relenten,,,,,,,,,,,,,
P0690.jpg,Relentus,,,,,,,,,,,,,
P5162.jpg,relentus,,,,,,,,,,,,,
P5407.jpg,relentus,,,,,,,,,,,,,
P0030.jpg,Relvis,,,,,,,,,,,,,
P3664.jpg,Remac,,,,,,,,,,,,,
P3669.jpg,Remac,,,,,,,,,,,,,
P2788.jpg,Remmo,,,,,,,,,,,,,
P2849.jpg,Remmo,,,,,,,,,,,,,
P5433.jpg,remmo,,,,,,,,,,,,,
P4536.jpg,renal,,,,,,,,,,,,,
P0262.jpg,Renova,,,,,,,,,,,,,
P0304.jpg,Renova,,,,,,,,,,,,,
P3186.jpg,Renova,,,,,,,,,,,,,
P4192.jpg,Renova,,,,,,,,,,,,,
P4735.jpg,renova,,,,,,,,,,,,,
P4882.jpg,renova,,,,,,,,,,,,,
P4975.jpg,renova,,,,,,,,,,,,,
P4982.jpg,renova,,,,,,,,,,,,,
P1504.jpg,Renova XR,,,,,,,,,,,,,
P2302.jpg,Rephaston,,,,,,,,,,,,,
P2971.jpg,Rephaston,,,,,,,,,,,,,
P1320.jpg,replastw,,,,,,,,,,,,,
P1339.jpg,replastw,,,,,,,,,,,,,
P1344.jpg,replastw,,,,,,,,,,,,,
P1428.jpg,replastw,,,,,,,,,,,,,
P2148.jpg,Reserux-SR,,,,,,,,,,,,,
P3100.jpg,Reset,,,,,,,,,,,,,
P4812.jpg,reset,,,,,,,,,,,,,
P3162.jpg,Resfazit,,,,,,,,,,,,,
P2098.jpg,Resitfex plus,,,,,,,,,,,,,
P4158.jpg,Respazit,,,,,,,,,,,,,
P3619.jpg,Retinol,,,,,,,,,,,,,
P2521.jpg,Reto,,,,,,,,,,,,,
P0766.jpg,Revarol,,,,,,,,,,,,,
P0815.jpg,Revatol,,,,,,,,,,,,,
P1580.jpg,Revere,,,,,,,,,,,,,
P4382.jpg,Revert,,,,,,,,,,,,,
P5408.jpg,revesf,,,,,,,,,,,,,
P1108.jpg,Revital,,,,,,,,,,,,,
P1025.jpg,Revocit,,,,,,,,,,,,,
P1036.jpg,Revocit,,,,,,,,,,,,,
P1741.jpg,Revocit,,,,,,,,,,,,,
P1945.jpg,Revocit,,,,,,,,,,,,,
P2304.jpg,Rex,,,,,,,,,,,,,
P2973.jpg,Rex,,,,,,,,,,,,,
P1454.jpg,Rexlife,,,,,,,,,,,,,
P2471.jpg,Rexrisx-SR,,,,,,,,,,,,,
P2522.jpg,Rezco,,,,,,,,,,,,,
P0479.jpg,Rhinomist,,,,,,,,,,,,,
P1233.jpg,ribojovef,,,,,,,,,,,,,
P1971.jpg,Ribosore,,,,,,,,,,,,,
P0158.jpg,Rifagut,,,,,,,,,,,,,
P0176.jpg,Rifagut,,,,,,,,,,,,,
P0204.jpg,Rifagut,,,,,,,,,,,,,
P3700.jpg,Rifagut,,,,,,,,,,,,,
P0715.jpg,Rivarox,,,,,,,,,,,,,
P3485.jpg,Rivarox,,,,,,,,,,,,,
P0455.jpg,Rivo,,,,,,,,,,,,,
P0461.jpg,Rivo,,,,,,,,,,,,,
P2626.jpg,Rivo,,,,,,,,,,,,,
P2621.jpg,Rivotril,,,,,,,,,,,,,
P0005.jpg,Rivotril,,,,,,,,,,,,,
P0224.jpg,Rivotril,,,,,,,,,,,,,
P1943.jpg,Rivotril,,,,,,,,,,,,,
P2133.jpg,Rivotril,,,,,,,,,,,,,
P2361.jpg,Rivotril,,,,,,,,,,,,,
P2678.jpg,Rivotril,,,,,,,,,,,,,
P2805.jpg,Rivotril,,,,,,,,,,,,,
P3337.jpg,Rivotril,,,,,,,,,,,,,
P3390.jpg,Rivotril,,,,,,,,,,,,,
P5073.jpg,rivotril,,,,,,,,,,,,,
P5275.jpg,Rivotril,,,,,,,,,,,,,
P1724.jpg,Rivyox,,,,,,,,,,,,,
P0048.jpg,Robac,,,,,,,,,,,,,
P2548.jpg,Roclav,,,,,,,,,,,,,
P2584.jpg,Roclav,,,,,,,,,,,,,
P2729.jpg,Roclav,,,,,,,,,,,,,
P2738.jpg,Roclav,,,,,,,,,,,,,
P5205.jpg,roclav,,,,,,,,,,,,,
P5247.jpg,roclav,,,,,,,,,,,,,
P5248.jpg,roclav,,,,,,,,,,,,,
P5282.jpg,roclav,,,,,,,,,,,,,
P5284.jpg,roclav,,,,,,,,,,,,,
P5573.jpg,roclav,,,,,,,,,,,,,
P0333.jpg,Rodiflex,,,,,,,,,,,,,
P1787.jpg,Rofip,,,,,,,,,,,,,
P2029.jpg,Rofip,,,,,,,,,,,,,
P0487.jpg,Rofixim,,,,,,,,,,,,,
P1432.jpg,rofnp,,,,,,,,,,,,,
P1565.jpg,Rofuclav,,,,,,,,,,,,,
P1471.jpg,Rohie,,,,,,,,,,,,,
P1991.jpg,Rohuf,,,,,,,,,,,,,
P0250.jpg,Rolac,,,,,,,,,,,,,
P0258.jpg,Rolac,,,,,,,,,,,,,
P0497.jpg,Rolac,,,,,,,,,,,,,
P2449.jpg,ROlac,,,,,,,,,,,,,
P2583.jpg,Rolac,,,,,,,,,,,,,
P2586.jpg,Rolac,,,,,,,,,,,,,
P2659.jpg,Rolac,,,,,,,,,,,,,
P2759.jpg,Rolac,,,,,,,,,,,,,
P2765.jpg,Rolac,,,,,,,,,,,,,
P3004.jpg,Rolac,,,,,,,,,,,,,
P3169.jpg,Rolac,,,,,,,,,,,,,
P3182.jpg,Rolac,,,,,,,,,,,,,
P3215.jpg,Rolac,,,,,,,,,,,,,
P3289.jpg,Rolac,,,,,,,,,,,,,
P3294.jpg,Rolac,,,,,,,,,,,,,
P3299.jpg,Rolac,,,,,,,,,,,,,
P3304.jpg,Rolac,,,,,,,,,,,,,
P3313.jpg,Rolac,,,,,,,,,,,,,
P3320.jpg,Rolac,,,,,,,,,,,,,
P3342.jpg,Rolac,,,,,,,,,,,,,
P3349.jpg,Rolac,,,,,,,,,,,,,
P3506.jpg,Rolac,,,,,,,,,,,,,
P3508.jpg,Rolac,,,,,,,,,,,,,
P3511.jpg,Rolac,,,,,,,,,,,,,
P3513.jpg,Rolac,,,,,,,,,,,,,
P3541.jpg,Rolac,,,,,,,,,,,,,
P3868.jpg,Rolac,,,,,,,,,,,,,
P3880.jpg,Rolac,,,,,,,,,,,,,
P3884.jpg,Rolac,,,,,,,,,,,,,
P3889.jpg,Rolac,,,,,,,,,,,,,
P3901.jpg,Rolac,,,,,,,,,,,,,
P3908.jpg,Rolac,,,,,,,,,,,,,
P3922.jpg,Rolac,,,,,,,,,,,,,
P3927.jpg,Rolac,,,,,,,,,,,,,
P3935.jpg,Rolac,,,,,,,,,,,,,
P3985.jpg,Rolac,,,,,,,,,,,,,
P4009.jpg,Rolac,,,,,,,,,,,,,
P4170.jpg,Rolac,,,,,,,,,,,,,
P4186.jpg,Rolac,,,,,,,,,,,,,
P4251.jpg,Rolac,,,,,,,,,,,,,
P4362.jpg,Rolac,,,,,,,,,,,,,
P4369.jpg,Rolac,,,,,,,,,,,,,
P4400.jpg,Rolac,,,,,,,,,,,,,
P4411.jpg,Rolac,,,,,,,,,,,,,
P4526.jpg,rolac,,,,,,,,,,,,,
P5102.jpg,rolac,,,,,,,,,,,,,
P5139.jpg,rolac,,,,,,,,,,,,,
P5286.jpg,rolac,,,,,,,,,,,,,
P5309.jpg,rolac,,,,,,,,,,,,,
P2191.jpg,Rolae,,,,,,,,,,,,,
P0278.jpg,Rolip,,,,,,,,,,,,,
P4342.jpg,Ronem,,,,,,,,,,,,,
P0635.jpg,ropitor,,,,,,,,,,,,,
P2115.jpg,Rosetn,,,,,,,,,,,,,
P2454.jpg,Roseton,,,,,,,,,,,,,
P0391.jpg,Rostil,,,,,,,,,,,,,
P0102.jpg,Rosu,,,,,,,,,,,,,
P0683.jpg,rosu,,,,,,,,,,,,,
P0717.jpg,rosu,,,,,,,,,,,,,
P0726.jpg,rosu,,,,,,,,,,,,,
P1726.jpg,Rosu,,,,,,,,,,,,,
P1899.jpg,Rosu,,,,,,,,,,,,,
P1912.jpg,Rosu,,,,,,,,,,,,,
P1915.jpg,Rosu,,,,,,,,,,,,,
P2628.jpg,Rosu,,,,,,,,,,,,,
P1577.jpg,Rosu  ,,,,,,,,,,,,,
P1544.jpg,Rosu 10,,,,,,,,,,,,,
P1557.jpg,Rosu 10,,,,,,,,,,,,,
P1599.jpg,Rosu 10,,,,,,,,,,,,,
P0432.jpg,Rosuva,,,,,,,,,,,,,
P1805.jpg,Rosuva,,,,,,,,,,,,,
P1873.jpg,Rosuva,,,,,,,,,,,,,
P2023.jpg,Rosuva,,,,,,,,,,,,,
P0190.jpg,Rosuva 5,,,,,,,,,,,,,
P0207.jpg,Rosuva 5,,,,,,,,,,,,,
P5225.jpg,rosv,,,,,,,,,,,,,
P1591.jpg,Roswva 10,,,,,,,,,,,,,
P1236.jpg,roswva 5,,,,,,,,,,,,,
P2420.jpg,Rotalac,,,,,,,,,,,,,
P2652.jpg,Rotalac,,,,,,,,,,,,,
P5048.jpg,rotalac,,,,,,,,,,,,,
P2359.jpg,Rotinaf fote,,,,,,,,,,,,,
P2559.jpg,Roxadex,,,,,,,,,,,,,
P3924.jpg,Roxadex,,,,,,,,,,,,,
P4347.jpg,Roxadex,,,,,,,,,,,,,
P4368.jpg,Roxadex,,,,,,,,,,,,,
P5211.jpg,roxadex,,,,,,,,,,,,,
P1760.jpg,Roxim,,,,,,,,,,,,,
P1501.jpg,Roxtal XP,,,,,,,,,,,,,
P2616.jpg,Rozita,,,,,,,,,,,,,
P3106.jpg,RTV,,,,,,,,,,,,,
P4065.jpg,RTV,,,,,,,,,,,,,
P4470.jpg,rtv,,,,,,,,,,,,,
P0339.jpg,Ruchigold,,,,,,,,,,,,,
P2687.jpg,Ruchigold,,,,,,,,,,,,,
P0068.jpg,Rudi 120,,,,,,,,,,,,,
P3180.jpg,Ruotinl,,,,,,,,,,,,,
P0128.jpg,Rupa,,,,,,,,,,,,,
P0844.jpg,Rupa,,,,,,,,,,,,,
P1638.jpg,Rupa,,,,,,,,,,,,,
P2615.jpg,Rupa,,,,,,,,,,,,,
P5043.jpg,rupa,,,,,,,,,,,,,
P4452.jpg,Rupadin,,,,,,,,,,,,,
P0057.jpg,RUPIN,,,,,,,,,,,,,
P3141.jpg,Rynuxo,,,,,,,,,,,,,
P0653.jpg,Salost,,,,,,,,,,,,,
P1482.jpg,Salost,,,,,,,,,,,,,
P2100.jpg,Salost Dx,,,,,,,,,,,,,
P2577.jpg,Sanbin,,,,,,,,,,,,,
P0038.jpg,Sandin,,,,,,,,,,,,,
P0531.jpg,Sardopa,,,,,,,,,,,,,
P5081.jpg,sckoria,,,,,,,,,,,,,
P0139.jpg,Scluprud,,,,,,,,,,,,,
P1396.jpg,Scryel,,,,,,,,,,,,,
P0824.jpg,Seclo,,,,,,,,,,,,,
P0873.jpg,Seclo,,,,,,,,,,,,,
P0904.jpg,Seclo,,,,,,,,,,,,,
P0916.jpg,Seclo,,,,,,,,,,,,,
P2837.jpg,Seclo,,,,,,,,,,,,,
P3038.jpg,Seclo,,,,,,,,,,,,,
P3068.jpg,Seclo,,,,,,,,,,,,,
P3881.jpg,Seclo,,,,,,,,,,,,,
P4253.jpg,Seclo,,,,,,,,,,,,,
P1905.jpg,Secrin,,,,,,,,,,,,,
P2749.jpg,Sedil,,,,,,,,,,,,,
P4454.jpg,Sedil,,,,,,,,,,,,,
P1907.jpg,Sefr,,,,,,,,,,,,,
P1451.jpg,Sefra,,,,,,,,,,,,,
P0301.jpg,Seko,,,,,,,,,,,,,
P0536.jpg,Seko,,,,,,,,,,,,,
P0539.jpg,Seko,,,,,,,,,,,,,
P0544.jpg,Seko,,,,,,,,,,,,,
P0545.jpg,Seko,,,,,,,,,,,,,
P0551.jpg,Seko,,,,,,,,,,,,,
P0552.jpg,Seko,,,,,,,,,,,,,
P0555.jpg,Seko,,,,,,,,,,,,,
P2366.jpg,Seko Polem,,,,,,,,,,,,,
P2775.jpg,Sekodex,,,,,,,,,,,,,
P2680.jpg,Sekorin,,,,,,,,,,,,,
P2807.jpg,Sekorin,,,,,,,,,,,,,
P0041.jpg,Sergel,,,,,,,,,,,,,
P0061.jpg,Sergel,,,,,,,,,,,,,
P0065.jpg,Sergel,,,,,,,,,,,,,
P0069.jpg,Sergel,,,,,,,,,,,,,
P0988.jpg,sergel,,,,,,,,,,,,,
P0999.jpg,sergel,,,,,,,,,,,,,
P2641.jpg,Sergel,,,,,,,,,,,,,
P2758.jpg,Sergel,,,,,,,,,,,,,
P3231.jpg,Sergel,,,,,,,,,,,,,
P3869.jpg,Sergel,,,,,,,,,,,,,
P3893.jpg,Sergel,,,,,,,,,,,,,
P4036.jpg,Sergel,,,,,,,,,,,,,
P4288.jpg,Sergel,,,,,,,,,,,,,
P1736.jpg,Seruh Mups,,,,,,,,,,,,,
P0018.jpg,Setra,,,,,,,,,,,,,
P0708.jpg,Setra,,,,,,,,,,,,,
P0729.jpg,Setra,,,,,,,,,,,,,
P0974.jpg,Setra,,,,,,,,,,,,,
P4313.jpg,Sidobac,,,,,,,,,,,,,
P4330.jpg,Sidobac,,,,,,,,,,,,,
P2753.jpg,Sindala,,,,,,,,,,,,,
P4558.jpg,sodibar,,,,,,,,,,,,,
P1470.jpg,Sofbian,,,,,,,,,,,,,
P2838.jpg,Solon,,,,,,,,,,,,,
P3556.jpg,Solupred,,,,,,,,,,,,,
P4629.jpg,solupred,,,,,,,,,,,,,
P4733.jpg,solupred,,,,,,,,,,,,,
P4762.jpg,solupred,,,,,,,,,,,,,
P4763.jpg,solupred,,,,,,,,,,,,,
P4920.jpg,solupred,,,,,,,,,,,,,
P5191.jpg,solupred,,,,,,,,,,,,,
P5131.jpg,soluprud,,,,,,,,,,,,,
P2847.jpg,Specbac,,,,,,,,,,,,,
P1209.jpg,Sperm Core,,,,,,,,,,,,,
P1728.jpg,Sperm Core,,,,,,,,,,,,,
P2103.jpg,Sperm Core,,,,,,,,,,,,,
P2195.jpg,Sperm Core,,,,,,,,,,,,,
P0307.jpg,Spilac,,,,,,,,,,,,,
P0501.jpg,Spilac,,,,,,,,,,,,,
P2661.jpg,Spilac,,,,,,,,,,,,,
P2676.jpg,Spilac,,,,,,,,,,,,,
P2803.jpg,Spilac,,,,,,,,,,,,,
P2446.jpg,Spilac F,,,,,,,,,,,,,
P0355.jpg,Sponocid,,,,,,,,,,,,,
P4384.jpg,Stemetil,,,,,,,,,,,,,
P4163.jpg,Sucsef,,,,,,,,,,,,,
P0232.jpg,Sup. Apelz,,,,,,,,,,,,,
P4487.jpg,supp,,,,,,,,,,,,,
P4511.jpg,supp,,,,,,,,,,,,,
P4577.jpg,supp,,,,,,,,,,,,,
P4667.jpg,supp,,,,,,,,,,,,,
P4668.jpg,supp,,,,,,,,,,,,,
P4686.jpg,supp,,,,,,,,,,,,,
P4714.jpg,supp,,,,,,,,,,,,,
P4728.jpg,supp,,,,,,,,,,,,,
P4790.jpg,supp,,,,,,,,,,,,,
P4932.jpg,supp,,,,,,,,,,,,,
P4954.jpg,supp,,,,,,,,,,,,,
P4956.jpg,supp,,,,,,,,,,,,,
P5243.jpg,supp,,,,,,,,,,,,,
P5267.jpg,supp,,,,,,,,,,,,,
P5411.jpg,supp,,,,,,,,,,,,,
P5441.jpg,supp,,,,,,,,,,,,,
P5449.jpg,supp,,,,,,,,,,,,,
P5536.jpg,supp,,,,,,,,,,,,,
P4231.jpg,Suppository,,,,,,,,,,,,,
P4243.jpg,Suppository,,,,,,,,,,,,,
P4296.jpg,Suppository,,,,,,,,,,,,,
P4352.jpg,Suppository,,,,,,,,,,,,,
P4401.jpg,Suppository,,,,,,,,,,,,,
P2160.jpg,Supra-B,,,,,,,,,,,,,
P1255.jpg,Suzyme,,,,,,,,,,,,,
P3165.jpg,Svcset,,,,,,,,,,,,,
P1190.jpg,Syndopa,,,,,,,,,,,,,
P0140.jpg,Synogen,,,,,,,,,,,,,
P0150.jpg,Synogen,,,,,,,,,,,,,
P2154.jpg,Synogen,,,,,,,,,,,,,
P2163.jpg,Synogen,,,,,,,,,,,,,
P2475.jpg,Synogen,,,,,,,,,,,,,
P4561.jpg,syp,,,,,,,,,,,,,
P4598.jpg,syp,,,,,,,,,,,,,
P4694.jpg,syp,,,,,,,,,,,,,
P1783.jpg,Syp Asyntamax,,,,,,,,,,,,,
P1769.jpg,Syp Cortam,,,,,,,,,,,,,
P1770.jpg,Syp Deslor ,,,,,,,,,,,,,
P1768.jpg,Syp xyril,,,,,,,,,,,,,
P1540.jpg,Syp. urisef,,,,,,,,,,,,,
P0322.jpg,Syrup,,,,,,,,,,,,,
P3559.jpg,Syrup,,,,,,,,,,,,,
P3560.jpg,Syrup,,,,,,,,,,,,,
P3572.jpg,Syrup,,,,,,,,,,,,,
P3577.jpg,Syrup,,,,,,,,,,,,,
P3585.jpg,Syrup,,,,,,,,,,,,,
P3592.jpg,Syrup,,,,,,,,,,,,,
P3594.jpg,Syrup,,,,,,,,,,,,,
P3599.jpg,Syrup,,,,,,,,,,,,,
P3613.jpg,Syrup,,,,,,,,,,,,,
P3614.jpg,Syrup,,,,,,,,,,,,,
P3616.jpg,Syrup,,,,,,,,,,,,,
P3625.jpg,Syrup,,,,,,,,,,,,,
P3670.jpg,Syrup,,,,,,,,,,,,,
P3715.jpg,Syrup,,,,,,,,,,,,,
P3731.jpg,Syrup,,,,,,,,,,,,,
P3732.jpg,Syrup,,,,,,,,,,,,,
P3739.jpg,Syrup,,,,,,,,,,,,,
P3760.jpg,Syrup,,,,,,,,,,,,,
P3784.jpg,Syrup,,,,,,,,,,,,,
P3798.jpg,Syrup,,,,,,,,,,,,,
P3808.jpg,Syrup,,,,,,,,,,,,,
P3809.jpg,Syrup,,,,,,,,,,,,,
P3832.jpg,Syrup,,,,,,,,,,,,,
P3834.jpg,Syrup,,,,,,,,,,,,,
P3860.jpg,Syrup,,,,,,,,,,,,,
P3978.jpg,Syrup,,,,,,,,,,,,,
P3980.jpg,Syrup,,,,,,,,,,,,,
P3994.jpg,Syrup,,,,,,,,,,,,,
P3999.jpg,Syrup,,,,,,,,,,,,,
P4001.jpg,Syrup,,,,,,,,,,,,,
P4003.jpg,Syrup,,,,,,,,,,,,,
P4052.jpg,Syrup,,,,,,,,,,,,,
P4293.jpg,Syrup,,,,,,,,,,,,,
P4464.jpg,tab,,,,,,,,,,,,,
P4465.jpg,tab,,,,,,,,,,,,,
P4467.jpg,tab,,,,,,,,,,,,,
P4469.jpg,tab,,,,,,,,,,,,,
P4471.jpg,tab,,,,,,,,,,,,,
P4475.jpg,tab,,,,,,,,,,,,,
P4481.jpg,tab,,,,,,,,,,,,,
P4485.jpg,tab,,,,,,,,,,,,,
P4499.jpg,tab,,,,,,,,,,,,,
P4502.jpg,tab,,,,,,,,,,,,,
P4503.jpg,tab,,,,,,,,,,,,,
P4505.jpg,tab,,,,,,,,,,,,,
P4507.jpg,tab,,,,,,,,,,,,,
P4509.jpg,tab,,,,,,,,,,,,,
P4533.jpg,tab,,,,,,,,,,,,,
P4553.jpg,tab,,,,,,,,,,,,,
P4555.jpg,tab,,,,,,,,,,,,,
P4557.jpg,tab,,,,,,,,,,,,,
P4578.jpg,tab,,,,,,,,,,,,,
P4580.jpg,tab,,,,,,,,,,,,,
P4582.jpg,tab,,,,,,,,,,,,,
P4586.jpg,tab,,,,,,,,,,,,,
P4589.jpg,tab,,,,,,,,,,,,,
P4591.jpg,tab,,,,,,,,,,,,,
P4593.jpg,tab,,,,,,,,,,,,,
P4613.jpg,tab,,,,,,,,,,,,,
P4615.jpg,tab,,,,,,,,,,,,,
P4617.jpg,tab,,,,,,,,,,,,,
P4640.jpg,tab,,,,,,,,,,,,,
P4974.jpg,tab,,,,,,,,,,,,,
P5015.jpg,tab,,,,,,,,,,,,,
P1946.jpg,Tab Cordca,,,,,,,,,,,,,
P1404.jpg,Tab.  NEXUM,,,,,,,,,,,,,
P1314.jpg,Tab. Algin,,,,,,,,,,,,,
P1319.jpg,Tab. Algin,,,,,,,,,,,,,
P1338.jpg,Tab. Algin,,,,,,,,,,,,,
P1301.jpg,Tab. Amitip,,,,,,,,,,,,,
P1308.jpg,Tab. Amitip,,,,,,,,,,,,,
P1368.jpg,Tab. Amitip 10,,,,,,,,,,,,,
P1403.jpg,Tab. ANADOL,,,,,,,,,,,,,
P1400.jpg,Tab. Anth,,,,,,,,,,,,,
P1363.jpg,Tab. Arislovit-B,,,,,,,,,,,,,
P1305.jpg,Tab. Beklo,,,,,,,,,,,,,
P1612.jpg,TAB. BEKLO,,,,,,,,,,,,,
P1747.jpg,Tab. Calbo,,,,,,,,,,,,,
P1307.jpg,Tab. Calboral,,,,,,,,,,,,,
P1312.jpg,Tab. Calboral,,,,,,,,,,,,,
P1328.jpg,Tab. Calboral,,,,,,,,,,,,,
P1367.jpg,Tab. Calboral-Dx,,,,,,,,,,,,,
P1716.jpg,Tab. Calcor-D,,,,,,,,,,,,,
P1406.jpg,Tab. CEEVIX,,,,,,,,,,,,,
P1370.jpg,Tab. cifotil,,,,,,,,,,,,,
P1371.jpg,Tab. cifotil plus,,,,,,,,,,,,,
P1402.jpg,Tab. clacido,,,,,,,,,,,,,
P1310.jpg,Tab. Deap,,,,,,,,,,,,,
P1323.jpg,Tab. Don A,,,,,,,,,,,,,
P1369.jpg,Tab. Don-A,,,,,,,,,,,,,
P1309.jpg,Tab. Epitra,,,,,,,,,,,,,
P1317.jpg,Tab. Epitra,,,,,,,,,,,,,
P1390.jpg,Tab. Esotid,,,,,,,,,,,,,
P1322.jpg,Tab. Etorx,,,,,,,,,,,,,
P1398.jpg,Tab. Flamex,,,,,,,,,,,,,
P1695.jpg,Tab. Galoa,,,,,,,,,,,,,
P1316.jpg,Tab. Geofoenil,,,,,,,,,,,,,
P1696.jpg,Tab. Maxiwa,,,,,,,,,,,,,
P1438.jpg,Tab. Maxpro,,,,,,,,,,,,,
P1318.jpg,Tab. Menoral,,,,,,,,,,,,,
P1337.jpg,Tab. Menoral,,,,,,,,,,,,,
P1303.jpg,Tab. Naprosyn Plus,,,,,,,,,,,,,
P1298.jpg,Tab. Naprox,,,,,,,,,,,,,
P1365.jpg,Tab. Naprox,,,,,,,,,,,,,
P1407.jpg,Tab. Neobean,,,,,,,,,,,,,
P1315.jpg,Tab. Neuro,,,,,,,,,,,,,
P1698.jpg,Tab. Neuro.B,,,,,,,,,,,,,
P1306.jpg,Tab. Neuro-B,,,,,,,,,,,,,
P1366.jpg,Tab. Neuro-B,,,,,,,,,,,,,
P1399.jpg,Tab. Nexum,,,,,,,,,,,,,
P1426.jpg,Tab. Normen,,,,,,,,,,,,,
P1437.jpg,Tab. Normens,,,,,,,,,,,,,
P1614.jpg,TAB. OUOCM-D,,,,,,,,,,,,,
P1615.jpg,TAB. PENOULY,,,,,,,,,,,,,
P1389.jpg,Tab. Rupa,,,,,,,,,,,,,
P1405.jpg,Tab. Xinc-B,,,,,,,,,,,,,
P1296.jpg,Tab.Aristovif-3,,,,,,,,,,,,,
P1300.jpg,Tab.calboral,,,,,,,,,,,,,
P1302.jpg,Tab.Don-A,,,,,,,,,,,,,
P1299.jpg,Tab.Neuro,,,,,,,,,,,,,
P3439.jpg,Tablet,,,,,,,,,,,,,
P3440.jpg,Tablet,,,,,,,,,,,,,
P3448.jpg,Tablet,,,,,,,,,,,,,
P3451.jpg,Tablet,,,,,,,,,,,,,
P3454.jpg,Tablet,,,,,,,,,,,,,
P3458.jpg,Tablet,,,,,,,,,,,,,
P3460.jpg,Tablet,,,,,,,,,,,,,
P3462.jpg,Tablet,,,,,,,,,,,,,
P3464.jpg,Tablet,,,,,,,,,,,,,
P3468.jpg,Tablet,,,,,,,,,,,,,
P3487.jpg,Tablet,,,,,,,,,,,,,
P3488.jpg,Tablet,,,,,,,,,,,,,
P3529.jpg,Tablet,,,,,,,,,,,,,
P3530.jpg,Tablet,,,,,,,,,,,,,
P3551.jpg,Tablet,,,,,,,,,,,,,
P3643.jpg,Tablet,,,,,,,,,,,,,
P3667.jpg,Tablet,,,,,,,,,,,,,
P3699.jpg,Tablet,,,,,,,,,,,,,
P3701.jpg,Tablet,,,,,,,,,,,,,
P3702.jpg,Tablet,,,,,,,,,,,,,
P3705.jpg,Tablet,,,,,,,,,,,,,
P3708.jpg,Tablet,,,,,,,,,,,,,
P3710.jpg,Tablet,,,,,,,,,,,,,
P3717.jpg,Tablet,,,,,,,,,,,,,
P3750.jpg,Tablet,,,,,,,,,,,,,
P3752.jpg,Tablet,,,,,,,,,,,,,
P3755.jpg,Tablet,,,,,,,,,,,,,
P3819.jpg,Tablet,,,,,,,,,,,,,
P3830.jpg,Tablet,,,,,,,,,,,,,
P3842.jpg,Tablet,,,,,,,,,,,,,
P3843.jpg,Tablet,,,,,,,,,,,,,
P3844.jpg,Tablet,,,,,,,,,,,,,
P3847.jpg,Tablet,,,,,,,,,,,,,
P3871.jpg,Tablet,,,,,,,,,,,,,
P3875.jpg,Tablet,,,,,,,,,,,,,
P3877.jpg,Tablet,,,,,,,,,,,,,
P3892.jpg,Tablet,,,,,,,,,,,,,
P3894.jpg,Tablet,,,,,,,,,,,,,
P3898.jpg,Tablet,,,,,,,,,,,,,
P3900.jpg,Tablet,,,,,,,,,,,,,
P3902.jpg,Tablet,,,,,,,,,,,,,
P3906.jpg,Tablet,,,,,,,,,,,,,
P3912.jpg,Tablet,,,,,,,,,,,,,
P3913.jpg,Tablet,,,,,,,,,,,,,
P3916.jpg,Tablet,,,,,,,,,,,,,
P3919.jpg,Tablet,,,,,,,,,,,,,
P3940.jpg,Tablet,,,,,,,,,,,,,
P3942.jpg,Tablet,,,,,,,,,,,,,
P3949.jpg,Tablet,,,,,,,,,,,,,
P3952.jpg,Tablet,,,,,,,,,,,,,
P3955.jpg,Tablet,,,,,,,,,,,,,
P3956.jpg,Tablet,,,,,,,,,,,,,
P3963.jpg,Tablet,,,,,,,,,,,,,
P3970.jpg,Tablet,,,,,,,,,,,,,
P3984.jpg,Tablet,,,,,,,,,,,,,
P3988.jpg,Tablet,,,,,,,,,,,,,
P3989.jpg,Tablet,,,,,,,,,,,,,
P4016.jpg,Tablet,,,,,,,,,,,,,
P4018.jpg,Tablet,,,,,,,,,,,,,
P4020.jpg,Tablet,,,,,,,,,,,,,
P4024.jpg,Tablet,,,,,,,,,,,,,
P4025.jpg,Tablet,,,,,,,,,,,,,
P4033.jpg,Tablet,,,,,,,,,,,,,
P4034.jpg,Tablet,,,,,,,,,,,,,
P4038.jpg,Tablet,,,,,,,,,,,,,
P4040.jpg,Tablet,,,,,,,,,,,,,
P4042.jpg,Tablet,,,,,,,,,,,,,
P4044.jpg,Tablet,,,,,,,,,,,,,
P4048.jpg,Tablet,,,,,,,,,,,,,
P4059.jpg,Tablet,,,,,,,,,,,,,
P4061.jpg,Tablet,,,,,,,,,,,,,
P4062.jpg,Tablet,,,,,,,,,,,,,
P4064.jpg,Tablet,,,,,,,,,,,,,
P4066.jpg,Tablet,,,,,,,,,,,,,
P4070.jpg,Tablet,,,,,,,,,,,,,
P4073.jpg,Tablet,,,,,,,,,,,,,
P4075.jpg,Tablet,,,,,,,,,,,,,
P4079.jpg,Tablet,,,,,,,,,,,,,
P4081.jpg,Tablet,,,,,,,,,,,,,
P4089.jpg,Tablet,,,,,,,,,,,,,
P4093.jpg,Tablet,,,,,,,,,,,,,
P4095.jpg,Tablet,,,,,,,,,,,,,
P4097.jpg,Tablet,,,,,,,,,,,,,
P4099.jpg,Tablet,,,,,,,,,,,,,
P4101.jpg,Tablet,,,,,,,,,,,,,
P4105.jpg,Tablet,,,,,,,,,,,,,
P4109.jpg,Tablet,,,,,,,,,,,,,
P4111.jpg,Tablet,,,,,,,,,,,,,
P4113.jpg,Tablet,,,,,,,,,,,,,
P4115.jpg,Tablet,,,,,,,,,,,,,
P4117.jpg,Tablet,,,,,,,,,,,,,
P4129.jpg,Tablet,,,,,,,,,,,,,
P4137.jpg,Tablet,,,,,,,,,,,,,
P4139.jpg,Tablet,,,,,,,,,,,,,
P4150.jpg,Tablet,,,,,,,,,,,,,
P4155.jpg,Tablet,,,,,,,,,,,,,
P4157.jpg,Tablet,,,,,,,,,,,,,
P4159.jpg,Tablet,,,,,,,,,,,,,
P4175.jpg,Tablet,,,,,,,,,,,,,
P4198.jpg,Tablet,,,,,,,,,,,,,
P4201.jpg,Tablet,,,,,,,,,,,,,
P4203.jpg,Tablet,,,,,,,,,,,,,
P4206.jpg,Tablet,,,,,,,,,,,,,
P4210.jpg,Tablet,,,,,,,,,,,,,
P4214.jpg,Tablet,,,,,,,,,,,,,
P4223.jpg,Tablet,,,,,,,,,,,,,
P4225.jpg,Tablet,,,,,,,,,,,,,
P4229.jpg,Tablet,,,,,,,,,,,,,
P4235.jpg,Tablet,,,,,,,,,,,,,
P4237.jpg,Tablet,,,,,,,,,,,,,
P4241.jpg,Tablet,,,,,,,,,,,,,
P4249.jpg,Tablet,,,,,,,,,,,,,
P4252.jpg,Tablet,,,,,,,,,,,,,
P4257.jpg,Tablet,,,,,,,,,,,,,
P4259.jpg,Tablet,,,,,,,,,,,,,
P4268.jpg,Tablet,,,,,,,,,,,,,
P4270.jpg,Tablet,,,,,,,,,,,,,
P4277.jpg,Tablet,,,,,,,,,,,,,
P4279.jpg,Tablet,,,,,,,,,,,,,
P4281.jpg,Tablet,,,,,,,,,,,,,
P4283.jpg,Tablet,,,,,,,,,,,,,
P4285.jpg,Tablet,,,,,,,,,,,,,
P4289.jpg,Tablet,,,,,,,,,,,,,
P4298.jpg,Tablet,,,,,,,,,,,,,
P4302.jpg,Tablet,,,,,,,,,,,,,
P4314.jpg,Tablet,,,,,,,,,,,,,
P4316.jpg,Tablet,,,,,,,,,,,,,
P4319.jpg,Tablet,,,,,,,,,,,,,
P4321.jpg,Tablet,,,,,,,,,,,,,
P4323.jpg,Tablet,,,,,,,,,,,,,
P4327.jpg,Tablet,,,,,,,,,,,,,
P4349.jpg,Tablet,,,,,,,,,,,,,
P4356.jpg,Tablet,,,,,,,,,,,,,
P4358.jpg,Tablet,,,,,,,,,,,,,
P4374.jpg,Tablet,,,,,,,,,,,,,
P4377.jpg,Tablet,,,,,,,,,,,,,
P4381.jpg,Tablet,,,,,,,,,,,,,
P4383.jpg,Tablet,,,,,,,,,,,,,
P4392.jpg,Tablet,,,,,,,,,,,,,
P4396.jpg,Tablet,,,,,,,,,,,,,
P4398.jpg,Tablet,,,,,,,,,,,,,
P4399.jpg,Tablet,,,,,,,,,,,,,
P4415.jpg,Tablet,,,,,,,,,,,,,
P4419.jpg,Tablet,,,,,,,,,,,,,
P4430.jpg,Tablet,,,,,,,,,,,,,
P4445.jpg,Tablet,,,,,,,,,,,,,
P0395.jpg,Tajenta,,,,,,,,,,,,,
P0583.jpg,Tajenta,,,,,,,,,,,,,
P5109.jpg,tajenta,,,,,,,,,,,,,
P4516.jpg,tal,,,,,,,,,,,,,
P0402.jpg,Tarlica,,,,,,,,,,,,,
P5461.jpg,tarlica,,,,,,,,,,,,,
P4551.jpg,tas,,,,,,,,,,,,,
P3790.jpg,Tazid,,,,,,,,,,,,,
P1683.jpg,Tb. Altaxc,,,,,,,,,,,,,
P1384.jpg,Tb. Anginta,,,,,,,,,,,,,
P1391.jpg,Tb. Calboral-D,,,,,,,,,,,,,
P1392.jpg,Tb. Defrol,,,,,,,,,,,,,
P1682.jpg,Tb. Mccol,,,,,,,,,,,,,
P1383.jpg,Tb. N- Max,,,,,,,,,,,,,
P1388.jpg,Tb. Torax,,,,,,,,,,,,,
P0013.jpg,T-Cef,,,,,,,,,,,,,
P4466.jpg,telcard,,,,,,,,,,,,,
P3104.jpg,Telecordip plus,,,,,,,,,,,,,
P2619.jpg,Telfast,,,,,,,,,,,,,
P1216.jpg,Telfro max,,,,,,,,,,,,,
P1563.jpg,Telfro max,,,,,,,,,,,,,
P1824.jpg,Telfro max,,,,,,,,,,,,,
P2021.jpg,Telfro max,,,,,,,,,,,,,
P0101.jpg,Telmacal,,,,,,,,,,,,,
P0372.jpg,Telmacal,,,,,,,,,,,,,
P0582.jpg,Telmacal,,,,,,,,,,,,,
P5088.jpg,telmacal,,,,,,,,,,,,,
P0454.jpg,Telmiaip,,,,,,,,,,,,,
P4023.jpg,Telmicard,,,,,,,,,,,,,
P0433.jpg,Telmidip,,,,,,,,,,,,,
P0440.jpg,Telmidip,,,,,,,,,,,,,
P2170.jpg,Telmidip,,,,,,,,,,,,,
P0465.jpg,Telmiva,,,,,,,,,,,,,
P0596.jpg,Telmivas,,,,,,,,,,,,,
P2129.jpg,Telmivas,,,,,,,,,,,,,
P0331.jpg,Telmocal,,,,,,,,,,,,,
P1962.jpg,Temlonil,,,,,,,,,,,,,
P5290.jpg,temo,,,,,,,,,,,,,
P1594.jpg,Tendonil,,,,,,,,,,,,,
P0075.jpg,Tenocab,,,,,,,,,,,,,
P1958.jpg,Terbi max,,,,,,,,,,,,,
P1707.jpg,Terbia,,,,,,,,,,,,,
P0701.jpg,Terbikill,,,,,,,,,,,,,
P0191.jpg,Termitan,,,,,,,,,,,,,
P0208.jpg,Termitan,,,,,,,,,,,,,
P2464.jpg,Tersilla-SR,,,,,,,,,,,,,
P2140.jpg,Terxilla-SR,,,,,,,,,,,,,
P1149.jpg,Tesfro max,,,,,,,,,,,,,
P2386.jpg,Tevox 500,,,,,,,,,,,,,
P1264.jpg,Texfro max,,,,,,,,,,,,,
P0248.jpg,Texit,,,,,,,,,,,,,
P0267.jpg,Texit,,,,,,,,,,,,,
P0271.jpg,Texit,,,,,,,,,,,,,
P0295.jpg,Texit,,,,,,,,,,,,,
P0356.jpg,Texit,,,,,,,,,,,,,
P0541.jpg,Texit,,,,,,,,,,,,,
P2523.jpg,Texit,,,,,,,,,,,,,
P2537.jpg,Texit,,,,,,,,,,,,,
P2539.jpg,Texit,,,,,,,,,,,,,
P2580.jpg,Texit,,,,,,,,,,,,,
P2779.jpg,Texit,,,,,,,,,,,,,
P2782.jpg,Texit,,,,,,,,,,,,,
P5047.jpg,texit,,,,,,,,,,,,,
P5050.jpg,texit,,,,,,,,,,,,,
P5052.jpg,texit,,,,,,,,,,,,,
P5063.jpg,texit,,,,,,,,,,,,,
P5153.jpg,texit,,,,,,,,,,,,,
P5154.jpg,texit,,,,,,,,,,,,,
P5163.jpg,texit,,,,,,,,,,,,,
P5170.jpg,texit,,,,,,,,,,,,,
P5174.jpg,texit,,,,,,,,,,,,,
P5301.jpg,texit,,,,,,,,,,,,,
P5321.jpg,texit,,,,,,,,,,,,,
P5322.jpg,texit,,,,,,,,,,,,,
P5329.jpg,texit,,,,,,,,,,,,,
P5349.jpg,texit,,,,,,,,,,,,,
P5350.jpg,texit,,,,,,,,,,,,,
P5356.jpg,texit,,,,,,,,,,,,,
P5357.jpg,texit,,,,,,,,,,,,,
P5500.jpg,texit,,,,,,,,,,,,,
P5542.jpg,texit,,,,,,,,,,,,,
P5546.jpg,texit,,,,,,,,,,,,,
P5551.jpg,texit,,,,,,,,,,,,,
P5552.jpg,texit,,,,,,,,,,,,,
P5554.jpg,texit,,,,,,,,,,,,,
P5555.jpg,texit,,,,,,,,,,,,,
P5557.jpg,texit,,,,,,,,,,,,,
P5561.jpg,texit,,,,,,,,,,,,,
P5566.jpg,texit,,,,,,,,,,,,,
P5569.jpg,texit,,,,,,,,,,,,,
P5576.jpg,texit,,,,,,,,,,,,,
P0036.jpg,Thyrox,,,,,,,,,,,,,
P0085.jpg,Thyrox,,,,,,,,,,,,,
P3121.jpg,Thyrox,,,,,,,,,,,,,
P3128.jpg,Thyrox,,,,,,,,,,,,,
P3135.jpg,Thyrox,,,,,,,,,,,,,
P4098.jpg,Thyrox,,,,,,,,,,,,,
P4114.jpg,Thyrox,,,,,,,,,,,,,
P4126.jpg,Thyrox,,,,,,,,,,,,,
P4429.jpg,Thyrox,,,,,,,,,,,,,
P4443.jpg,Thyrox,,,,,,,,,,,,,
P2172.jpg,Tiginor,,,,,,,,,,,,,
P3247.jpg,Tiginor,,,,,,,,,,,,,
P3256.jpg,Tiginor,,,,,,,,,,,,,
P0449.jpg,Tigover,,,,,,,,,,,,,
P3153.jpg,Timptin,,,,,,,,,,,,,
P5027.jpg,t-mahon,,,,,,,,,,,,,
P3143.jpg,Tmiptin,,,,,,,,,,,,,
P4768.jpg,t-mycin,,,,,,,,,,,,,
P3267.jpg,Tnaxyl,,,,,,,,,,,,,
P3272.jpg,Tnaxyl,,,,,,,,,,,,,
P1499.jpg,Tnplwpln,,,,,,,,,,,,,
P4942.jpg,toco,,,,,,,,,,,,,
P4966.jpg,toco,,,,,,,,,,,,,
P2156.jpg,todef,,,,,,,,,,,,,
P2477.jpg,Todet,,,,,,,,,,,,,
P2120.jpg,Todol,,,,,,,,,,,,,
P2458.jpg,Todol,,,,,,,,,,,,,
P5251.jpg,todol,,,,,,,,,,,,,
P2309.jpg,Tofen,,,,,,,,,,,,,
P2524.jpg,Tofen,,,,,,,,,,,,,
P2783.jpg,Tofen,,,,,,,,,,,,,
P2978.jpg,Tofen,,,,,,,,,,,,,
P4292.jpg,Tofen,,,,,,,,,,,,,
P4521.jpg,tofen,,,,,,,,,,,,,
P5325.jpg,tofen,,,,,,,,,,,,,
P5543.jpg,tofen,,,,,,,,,,,,,
P0400.jpg,Tojenta,,,,,,,,,,,,,
P1276.jpg,Tomdolin,,,,,,,,,,,,,
P1710.jpg,tomy,,,,,,,,,,,,,
P2377.jpg,Tonlino,,,,,,,,,,,,,
P2672.jpg,Top,,,,,,,,,,,,,
P2799.jpg,Top,,,,,,,,,,,,,
P5069.jpg,top,,,,,,,,,,,,,
P5078.jpg,top,,,,,,,,,,,,,
P3601.jpg,Topmate,,,,,,,,,,,,,
P2107.jpg,Toradolin,,,,,,,,,,,,,
P2430.jpg,Toradolin,,,,,,,,,,,,,
P5261.jpg,toradolin,,,,,,,,,,,,,
P0689.jpg,Toramax,,,,,,,,,,,,,
P1185.jpg,Toramex,,,,,,,,,,,,,
P1616.jpg,Toramex 10,,,,,,,,,,,,,
P0034.jpg,Torat,,,,,,,,,,,,,
P0590.jpg,Torax,,,,,,,,,,,,,
P1393.jpg,Torax,,,,,,,,,,,,,
P1753.jpg,Torax,,,,,,,,,,,,,
P1765.jpg,Torax,,,,,,,,,,,,,
P2357.jpg,Torax,,,,,,,,,,,,,
P2591.jpg,Torax,,,,,,,,,,,,,
P2690.jpg,Torax,,,,,,,,,,,,,
P2702.jpg,Torax,,,,,,,,,,,,,
P2718.jpg,Torax,,,,,,,,,,,,,
P2789.jpg,Torax,,,,,,,,,,,,,
P2873.jpg,Torax,,,,,,,,,,,,,
P5122.jpg,torax,,,,,,,,,,,,,
P5157.jpg,torax,,,,,,,,,,,,,
P5180.jpg,torax,,,,,,,,,,,,,
P5186.jpg,torax,,,,,,,,,,,,,
P5200.jpg,torax,,,,,,,,,,,,,
P5218.jpg,torax,,,,,,,,,,,,,
P5234.jpg,torax,,,,,,,,,,,,,
P5299.jpg,torax,,,,,,,,,,,,,
P5367.jpg,torax,,,,,,,,,,,,,
P5379.jpg,torax,,,,,,,,,,,,,
P5404.jpg,torax,,,,,,,,,,,,,
P5415.jpg,torax,,,,,,,,,,,,,
P5424.jpg,torax,,,,,,,,,,,,,
P5434.jpg,torax,,,,,,,,,,,,,
P5443.jpg,torax,,,,,,,,,,,,,
P5453.jpg,torax,,,,,,,,,,,,,
P5522.jpg,torax,,,,,,,,,,,,,
P5531.jpg,torax,,,,,,,,,,,,,
P5539.jpg,torax,,,,,,,,,,,,,
P2814.jpg,Torex,,,,,,,,,,,,,
P3932.jpg,Torex,,,,,,,,,,,,,
P2710.jpg,Torix,,,,,,,,,,,,,
P2755.jpg,Tory,,,,,,,,,,,,,
P2854.jpg,Tory,,,,,,,,,,,,,
P2396.jpg,Tosou 50,,,,,,,,,,,,,
P5326.jpg,toxit,,,,,,,,,,,,,
P1418.jpg,TPC,,,,,,,,,,,,,
P1738.jpg,TPC,,,,,,,,,,,,,
P0017.jpg,Traxy 500,,,,,,,,,,,,,
P0072.jpg,Traxyl,,,,,,,,,,,,,
P3132.jpg,Traxyl,,,,,,,,,,,,,
P3827.jpg,Traxyl,,,,,,,,,,,,,
P4124.jpg,Traxyl,,,,,,,,,,,,,
P4425.jpg,Traxyl,,,,,,,,,,,,,
P4439.jpg,Traxyl,,,,,,,,,,,,,
P0168.jpg,TRD Coutine,,,,,,,,,,,,,
P0216.jpg,TRD Coutine,,,,,,,,,,,,,
P0233.jpg,TRD Coutine,,,,,,,,,,,,,
P0124.jpg,TRD Couture,,,,,,,,,,,,,
P0148.jpg,TRD Couture,,,,,,,,,,,,,
P3175.jpg,Trerox,,,,,,,,,,,,,
P2144.jpg,Trevox,,,,,,,,,,,,,
P2467.jpg,Trevox,,,,,,,,,,,,,
P3193.jpg,Trevox,,,,,,,,,,,,,
P4176.jpg,Trevox,,,,,,,,,,,,,
P3183.jpg,Triject,,,,,,,,,,,,,
P4185.jpg,Triject,,,,,,,,,,,,,
P0183.jpg,Trilock,,,,,,,,,,,,,
P0245.jpg,Trilock,,,,,,,,,,,,,
P0428.jpg,Trilock,,,,,,,,,,,,,
P0437.jpg,Trilock,,,,,,,,,,,,,
P0157.jpg,Trilock 10,,,,,,,,,,,,,
P0171.jpg,Trilock 10,,,,,,,,,,,,,
P0201.jpg,Trilock 10,,,,,,,,,,,,,
P0241.jpg,Trilock 10,,,,,,,,,,,,,
P2855.jpg,Triolon,,,,,,,,,,,,,
P4146.jpg,Triptin,,,,,,,,,,,,,
P3866.jpg,Trizon,,,,,,,,,,,,,
P2376.jpg,Trocar SR,,,,,,,,,,,,,
P5106.jpg,trodolin,,,,,,,,,,,,,
P1526.jpg,Troxyf,,,,,,,,,,,,,
P4731.jpg,trum-3,,,,,,,,,,,,,
P4756.jpg,trum-3,,,,,,,,,,,,,
P0152.jpg,Trypt,,,,,,,,,,,,,
P2142.jpg,Tryptim,,,,,,,,,,,,,
P0422.jpg,Tryptin,,,,,,,,,,,,,
P0471.jpg,Tryptin,,,,,,,,,,,,,
P0565.jpg,Tryptin,,,,,,,,,,,,,
P0960.jpg,Tryptin,,,,,,,,,,,,,
P0976.jpg,Tryptin,,,,,,,,,,,,,
P2155.jpg,Tryptin,,,,,,,,,,,,,
P2162.jpg,Tryptin,,,,,,,,,,,,,
P2181.jpg,Tryptin,,,,,,,,,,,,,
P2183.jpg,Tryptin,,,,,,,,,,,,,
P2466.jpg,Tryptin,,,,,,,,,,,,,
P2476.jpg,Tryptin,,,,,,,,,,,,,
P4501.jpg,tryptin,,,,,,,,,,,,,
P5022.jpg,tryptin,,,,,,,,,,,,,
P1532.jpg,Tryptin Plus,,,,,,,,,,,,,
P0125.jpg,Turboclav,,,,,,,,,,,,,
P5450.jpg,turboclav,,,,,,,,,,,,,
P0146.jpg,Tuspel,,,,,,,,,,,,,
P0153.jpg,Tuspel,,,,,,,,,,,,,
P0330.jpg,Tuspel,,,,,,,,,,,,,
P0459.jpg,Tuspel,,,,,,,,,,,,,
P1764.jpg,tyclav,,,,,,,,,,,,,
P2853.jpg,Tyclav,,,,,,,,,,,,,
P1210.jpg,Ubi Core,,,,,,,,,,,,,
P1729.jpg,Ubi Core,,,,,,,,,,,,,
P1455.jpg,ubicore E,,,,,,,,,,,,,
P2052.jpg,ucof,,,,,,,,,,,,,
P0492.jpg,ucrafate,,,,,,,,,,,,,
P1740.jpg,Uful Dx,,,,,,,,,,,,,
P0121.jpg,Ulfix,,,,,,,,,,,,,
P1007.jpg,uliv,,,,,,,,,,,,,
P1040.jpg,uliv,,,,,,,,,,,,,
P1121.jpg,uliv,,,,,,,,,,,,,
P1832.jpg,uliv,,,,,,,,,,,,,
P1969.jpg,uliv 1,,,,,,,,,,,,,
P1127.jpg,uliv 150,,,,,,,,,,,,,
P1234.jpg,uliv150,,,,,,,,,,,,,
P2402.jpg,Ultrox,,,,,,,,,,,,,
P4060.jpg,Unatin,,,,,,,,,,,,,
P4463.jpg,Unatin,,,,,,,,,,,,,
P2080.jpg,unbery,,,,,,,,,,,,,
P2625.jpg,Unomax,,,,,,,,,,,,,
P2159.jpg,Uric Acid,,,,,,,,,,,,,
P1161.jpg,uriset,,,,,,,,,,,,,
P3709.jpg,Ursocol,,,,,,,,,,,,,
P3751.jpg,Ursocol,,,,,,,,,,,,,
P0420.jpg,Utifos,,,,,,,,,,,,,
P0508.jpg,Utromeg,,,,,,,,,,,,,
P2739.jpg,Utromeg,,,,,,,,,,,,,
P3600.jpg,Valex,,,,,,,,,,,,,
P2403.jpg,Valex CR,,,,,,,,,,,,,
P2346.jpg,Valic CR,,,,,,,,,,,,,
P5149.jpg,valix CR,,,,,,,,,,,,,
P3728.jpg,Vancomycin,,,,,,,,,,,,,
P3736.jpg,Vancomycin,,,,,,,,,,,,,
P3780.jpg,Vancomycin,,,,,,,,,,,,,
P3804.jpg,Vancomycin,,,,,,,,,,,,,
P4652.jpg,vancomycin,,,,,,,,,,,,,
P4676.jpg,vancomycin,,,,,,,,,,,,,
P1809.jpg,vaptam,,,,,,,,,,,,,
P0051.jpg,VASCO,,,,,,,,,,,,,
P2633.jpg,Vasco,,,,,,,,,,,,,
P3531.jpg,Vasco,,,,,,,,,,,,,
P4764.jpg,vasco,,,,,,,,,,,,,
P4804.jpg,vasco,,,,,,,,,,,,,
P4814.jpg,vasco,,,,,,,,,,,,,
P4828.jpg,vasco,,,,,,,,,,,,,
P4843.jpg,vasco,,,,,,,,,,,,,
P4861.jpg,vasco,,,,,,,,,,,,,
P4941.jpg,vasco,,,,,,,,,,,,,
P4964.jpg,vasco,,,,,,,,,,,,,
P5003.jpg,vasco,,,,,,,,,,,,,
P5057.jpg,vasco,,,,,,,,,,,,,
P5169.jpg,vasco,,,,,,,,,,,,,
P5083.jpg,vaxitet,,,,,,,,,,,,,
P0727.jpg,vbi care,,,,,,,,,,,,,
P5017.jpg,v-cal-2,,,,,,,,,,,,,
P1434.jpg,Velcal,,,,,,,,,,,,,
P1017.jpg,vergon,,,,,,,,,,,,,
P2561.jpg,Vergon,,,,,,,,,,,,,
P3288.jpg,Vergon,,,,,,,,,,,,,
P5210.jpg,vergon,,,,,,,,,,,,,
P1609.jpg,vergun,,,,,,,,,,,,,
P1871.jpg,verqon,,,,,,,,,,,,,
P3245.jpg,Vibrenta,,,,,,,,,,,,,
P1204.jpg,Vidamef,,,,,,,,,,,,,
P3903.jpg,Vifas,,,,,,,,,,,,,
P1142.jpg,vigfimef,,,,,,,,,,,,,
P1903.jpg,vigfimef,,,,,,,,,,,,,
P2030.jpg,vigfimef,,,,,,,,,,,,,
P1166.jpg,vigfimet,,,,,,,,,,,,,
P1587.jpg,viglimef,,,,,,,,,,,,,
P0632.jpg,viglimet,,,,,,,,,,,,,
P1020.jpg,viglimet,,,,,,,,,,,,,
P0710.jpg,vigorex,,,,,,,,,,,,,
P0731.jpg,vigorex,,,,,,,,,,,,,
P1215.jpg,vigorex,,,,,,,,,,,,,
P1838.jpg,vigorex,,,,,,,,,,,,,
P2104.jpg,vigorex,,,,,,,,,,,,,
P2198.jpg,vigorex,,,,,,,,,,,,,
P1452.jpg,vigorex 50,,,,,,,,,,,,,
P1734.jpg,vigorey,,,,,,,,,,,,,
P1441.jpg,vildamef,,,,,,,,,,,,,
P1687.jpg,vildamef,,,,,,,,,,,,,
P1803.jpg,vildamef,,,,,,,,,,,,,
P1843.jpg,vildamef,,,,,,,,,,,,,
P1952.jpg,vildamef,,,,,,,,,,,,,
P1978.jpg,vildamef,,,,,,,,,,,,,
P1002.jpg,Vildamet,,,,,,,,,,,,,
P1171.jpg,vildamet,,,,,,,,,,,,,
P2130.jpg,Vineet,,,,,,,,,,,,,
P0563.jpg,viodin,,,,,,,,,,,,,
P0991.jpg,viodin,,,,,,,,,,,,,
P1749.jpg,viscxywgxne,,,,,,,,,,,,,
P0789.jpg,visel,,,,,,,,,,,,,
P0757.jpg,viset,,,,,,,,,,,,,
P0819.jpg,viset,,,,,,,,,,,,,
P5312.jpg,viset,,,,,,,,,,,,,
P5066.jpg,visnon,,,,,,,,,,,,,
P4592.jpg,vitabin,,,,,,,,,,,,,
P4554.jpg,vitabion,,,,,,,,,,,,,
P1984.jpg,vofifew qel,,,,,,,,,,,,,
P0037.jpg,Voligel,,,,,,,,,,,,,
P0081.jpg,Voligel,,,,,,,,,,,,,
P0086.jpg,Voligel,,,,,,,,,,,,,
P0648.jpg,voligel,,,,,,,,,,,,,
P1401.jpg,Voligel Max,,,,,,,,,,,,,
P2189.jpg,Voligel.Max,,,,,,,,,,,,,
P2637.jpg,Volinac,,,,,,,,,,,,,
P2061.jpg,volirac max,,,,,,,,,,,,,
P0290.jpg,Voltalin,,,,,,,,,,,,,
P0595.jpg,Voltalin,,,,,,,,,,,,,
P2112.jpg,voltalin,,,,,,,,,,,,,
P2362.jpg,Voltalin,,,,,,,,,,,,,
P2414.jpg,Voltalin,,,,,,,,,,,,,
P2487.jpg,Voltalin,,,,,,,,,,,,,
P2536.jpg,Voltalin,,,,,,,,,,,,,
P2596.jpg,Voltalin,,,,,,,,,,,,,
P2719.jpg,Voltalin,,,,,,,,,,,,,
P2724.jpg,Voltalin,,,,,,,,,,,,,
P2771.jpg,Voltalin,,,,,,,,,,,,,
P2794.jpg,Voltalin,,,,,,,,,,,,,
P3210.jpg,Voltalin,,,,,,,,,,,,,
P3233.jpg,Voltalin,,,,,,,,,,,,,
P3254.jpg,Voltalin,,,,,,,,,,,,,
P3263.jpg,Voltalin,,,,,,,,,,,,,
P3295.jpg,Voltalin,,,,,,,,,,,,,
P3302.jpg,Voltalin,,,,,,,,,,,,,
P3305.jpg,Voltalin,,,,,,,,,,,,,
P3315.jpg,Voltalin,,,,,,,,,,,,,
P3321.jpg,Voltalin,,,,,,,,,,,,,
P3326.jpg,Voltalin,,,,,,,,,,,,,
P3333.jpg,Voltalin,,,,,,,,,,,,,
P3355.jpg,Voltalin,,,,,,,,,,,,,
P3453.jpg,Voltalin,,,,,,,,,,,,,
P3494.jpg,Voltalin,,,,,,,,,,,,,
P3498.jpg,Voltalin,,,,,,,,,,,,,
P3532.jpg,Voltalin,,,,,,,,,,,,,
P3539.jpg,Voltalin,,,,,,,,,,,,,
P3554.jpg,Voltalin,,,,,,,,,,,,,
P3872.jpg,Voltalin,,,,,,,,,,,,,
P3925.jpg,Voltalin,,,,,,,,,,,,,
P3931.jpg,Voltalin,,,,,,,,,,,,,
P3933.jpg,Voltalin,,,,,,,,,,,,,
P3938.jpg,Voltalin,,,,,,,,,,,,,
P4013.jpg,Voltalin,,,,,,,,,,,,,
P4232.jpg,Voltalin,,,,,,,,,,,,,
P4244.jpg,Voltalin,,,,,,,,,,,,,
P4291.jpg,Voltalin,,,,,,,,,,,,,
P4295.jpg,Voltalin,,,,,,,,,,,,,
P4304.jpg,Voltalin,,,,,,,,,,,,,
P4353.jpg,Voltalin,,,,,,,,,,,,,
P4363.jpg,Voltalin,,,,,,,,,,,,,
P4379.jpg,Voltalin,,,,,,,,,,,,,
P4402.jpg,Voltalin,,,,,,,,,,,,,
P4453.jpg,Voltalin,,,,,,,,,,,,,
P4457.jpg,Voltalin,,,,,,,,,,,,,
P4488.jpg,voltalin,,,,,,,,,,,,,
P4576.jpg,voltalin,,,,,,,,,,,,,
P4669.jpg,voltalin,,,,,,,,,,,,,
P4687.jpg,voltalin,,,,,,,,,,,,,
P4715.jpg,voltalin,,,,,,,,,,,,,
P4729.jpg,voltalin,,,,,,,,,,,,,
P4752.jpg,voltalin,,,,,,,,,,,,,
P4789.jpg,voltalin,,,,,,,,,,,,,
P4818.jpg,voltalin,,,,,,,,,,,,,
P4872.jpg,voltalin,,,,,,,,,,,,,
P4891.jpg,voltalin,,,,,,,,,,,,,
P4913.jpg,voltalin,,,,,,,,,,,,,
P4931.jpg,voltalin,,,,,,,,,,,,,
P4955.jpg,voltalin,,,,,,,,,,,,,
P4972.jpg,voltalin,,,,,,,,,,,,,
P4990.jpg,voltalin,,,,,,,,,,,,,
P5004.jpg,voltalin,,,,,,,,,,,,,
P5127.jpg,voltalin,,,,,,,,,,,,,
P5222.jpg,voltalin,,,,,,,,,,,,,
P5240.jpg,voltalin,,,,,,,,,,,,,
P5266.jpg,voltalin,,,,,,,,,,,,,
P5382.jpg,voltalin,,,,,,,,,,,,,
P5395.jpg,voltalin,,,,,,,,,,,,,
P5410.jpg,voltalin,,,,,,,,,,,,,
P5420.jpg,voltalin,,,,,,,,,,,,,
P5430.jpg,voltalin,,,,,,,,,,,,,
P5440.jpg,voltalin,,,,,,,,,,,,,
P5448.jpg,voltalin,,,,,,,,,,,,,
P5459.jpg,voltalin,,,,,,,,,,,,,
P5468.jpg,voltalin,,,,,,,,,,,,,
P5515.jpg,voltalin,,,,,,,,,,,,,
P5526.jpg,voltalin,,,,,,,,,,,,,
P5535.jpg,voltalin,,,,,,,,,,,,,
P2736.jpg,Voltalin -D,,,,,,,,,,,,,
P2582.jpg,Voltalin Syrup,,,,,,,,,,,,,
P2398.jpg,Voltalin,,,,,,,,,,,,,
P2571.jpg,Vonacab,,,,,,,,,,,,,
P0084.jpg,Vonocab,,,,,,,,,,,,,
P0099.jpg,Vonocab,,,,,,,,,,,,,
P0106.jpg,Vonocab,,,,,,,,,,,,,
P0116.jpg,Vonocab,,,,,,,,,,,,,
P0119.jpg,Vonocab,,,,,,,,,,,,,
P0320.jpg,Vonocab,,,,,,,,,,,,,
P0327.jpg,Vonocab,,,,,,,,,,,,,
P0338.jpg,Vonocab,,,,,,,,,,,,,
P0342.jpg,Vonocab,,,,,,,,,,,,,
P0354.jpg,Vonocab,,,,,,,,,,,,,
P0363.jpg,Vonocab,,,,,,,,,,,,,
P0381.jpg,Vonocab,,,,,,,,,,,,,
P0477.jpg,Vonocab,,,,,,,,,,,,,
P0482.jpg,Vonocab,,,,,,,,,,,,,
P0520.jpg,Vonocab,,,,,,,,,,,,,
P1420.jpg,Vonocab,,,,,,,,,,,,,
P5094.jpg,vonocab,,,,,,,,,,,,,
P5113.jpg,vonocab,,,,,,,,,,,,,
P5360.jpg,vonocab,,,,,,,,,,,,,
P0489.jpg,Vonorab,,,,,,,,,,,,,
P3662.jpg,Vorifast,,,,,,,,,,,,,
P0611.jpg,Vorinox,,,,,,,,,,,,,
P0626.jpg,vorinox,,,,,,,,,,,,,
P2039.jpg,vorirox,,,,,,,,,,,,,
P2400.jpg,VoxBone,,,,,,,,,,,,,
P5134.jpg,voxbone,,,,,,,,,,,,,
P5195.jpg,voxbone,,,,,,,,,,,,,
P5462.jpg,voxbone,,,,,,,,,,,,,
P5469.jpg,voxbone,,,,,,,,,,,,,
P3413.jpg,V-plex,,,,,,,,,,,,,
P3617.jpg,V-plex,,,,,,,,,,,,,
P3658.jpg,V-plex,,,,,,,,,,,,,
P1500.jpg,vurocare S R,,,,,,,,,,,,,
P2105.jpg,wficore,,,,,,,,,,,,,
P2196.jpg,wfiCore,,,,,,,,,,,,,
P2200.jpg,wfiCore,,,,,,,,,,,,,
P1180.jpg,Wfolil plm,,,,,,,,,,,,,
P1165.jpg,Wiflex,,,,,,,,,,,,,
P4565.jpg,windel plus,,,,,,,,,,,,,
P4664.jpg,windel plus,,,,,,,,,,,,,
P4684.jpg,windel plus,,,,,,,,,,,,,
P4753.jpg,windel plus,,,,,,,,,,,,,
P4772.jpg,windel plus,,,,,,,,,,,,,
P4833.jpg,windel plus,,,,,,,,,,,,,
P4841.jpg,windel plus,,,,,,,,,,,,,
P4879.jpg,windel plus,,,,,,,,,,,,,
P4888.jpg,windel plus,,,,,,,,,,,,,
P4910.jpg,windel plus,,,,,,,,,,,,,
P4926.jpg,windel plus,,,,,,,,,,,,,
P2668.jpg,Xamic,,,,,,,,,,,,,
P2712.jpg,Xamic,,,,,,,,,,,,,
P2713.jpg,Xamic,,,,,,,,,,,,,
P5140.jpg,xamic,,,,,,,,,,,,,
P2857.jpg,Xanna,,,,,,,,,,,,,
P1336.jpg,Xanra,,,,,,,,,,,,,
P1361.jpg,Xanra,,,,,,,,,,,,,
P1555.jpg,Xanra,,,,,,,,,,,,,
P5346.jpg,x-dol,,,,,,,,,,,,,
P2620.jpg,X-fen,,,,,,,,,,,,,
P0608.jpg,Xinc,,,,,,,,,,,,,
P0645.jpg,Xinc,,,,,,,,,,,,,
P0979.jpg,Xinc,,,,,,,,,,,,,
P1033.jpg,Xinc,,,,,,,,,,,,,
P1238.jpg,xinc,,,,,,,,,,,,,
P1462.jpg,xinc,,,,,,,,,,,,,
P1973.jpg,Xinc,,,,,,,,,,,,,
P3615.jpg,Xinc,,,,,,,,,,,,,
P3836.jpg,Xinc,,,,,,,,,,,,,
P3839.jpg,Xinc,,,,,,,,,,,,,
P4870.jpg,xinc,,,,,,,,,,,,,
P4952.jpg,xinc,,,,,,,,,,,,,
P5155.jpg,xinc,,,,,,,,,,,,,
P2048.jpg,xinc ,,,,,,,,,,,,,
P4815.jpg,xinc ,,,,,,,,,,,,,
P0621.jpg,xinc B,,,,,,,,,,,,,
P1162.jpg,xinc B,,,,,,,,,,,,,
P1324.jpg,xinc B,,,,,,,,,,,,,
P1349.jpg,xinc B,,,,,,,,,,,,,
P1520.jpg,Xinc B,,,,,,,,,,,,,
P1852.jpg,Xinc B,,,,,,,,,,,,,
P1883.jpg,Xinc B,,,,,,,,,,,,,
P2002.jpg,xinc B,,,,,,,,,,,,,
P2009.jpg,xinc B,,,,,,,,,,,,,
P2037.jpg,xinc B,,,,,,,,,,,,,
P3270.jpg,Xinc B,,,,,,,,,,,,,
P3274.jpg,Xinc B,,,,,,,,,,,,,
P3380.jpg,Xinc B,,,,,,,,,,,,,
P3381.jpg,Xinc B,,,,,,,,,,,,,
P3914.jpg,Xinc B,,,,,,,,,,,,,
P4012.jpg,Xinc B,,,,,,,,,,,,,
P4204.jpg,Xinc B,,,,,,,,,,,,,
P4417.jpg,Xinc B,,,,,,,,,,,,,
P4581.jpg,xinc b,,,,,,,,,,,,,
P4594.jpg,xinc b,,,,,,,,,,,,,
P4616.jpg,xinc b,,,,,,,,,,,,,
P4642.jpg,xinc b,,,,,,,,,,,,,
P4659.jpg,xinc b,,,,,,,,,,,,,
P4680.jpg,xinc b,,,,,,,,,,,,,
P4711.jpg,xinc b,,,,,,,,,,,,,
P4725.jpg,xinc b,,,,,,,,,,,,,
P4737.jpg,xinc b,,,,,,,,,,,,,
P4750.jpg,xinc b,,,,,,,,,,,,,
P4765.jpg,xinc b,,,,,,,,,,,,,
P4787.jpg,xinc b,,,,,,,,,,,,,
P4799.jpg,xinc b,,,,,,,,,,,,,
P4805.jpg,xinc b,,,,,,,,,,,,,
P4829.jpg,xinc b,,,,,,,,,,,,,
P4844.jpg,xinc b,,,,,,,,,,,,,
P4862.jpg,xinc b,,,,,,,,,,,,,
P4877.jpg,xinc b,,,,,,,,,,,,,
P4887.jpg,xinc b,,,,,,,,,,,,,
P4899.jpg,xinc b,,,,,,,,,,,,,
P4907.jpg,xinc b,,,,,,,,,,,,,
P4923.jpg,xinc b,,,,,,,,,,,,,
P4940.jpg,xinc b,,,,,,,,,,,,,
P4944.jpg,xinc b,,,,,,,,,,,,,
P4963.jpg,xinc b,,,,,,,,,,,,,
P4977.jpg,xinc b,,,,,,,,,,,,,
P4985.jpg,xinc b,,,,,,,,,,,,,
P4991.jpg,xinc b,,,,,,,,,,,,,
P5002.jpg,xinc b,,,,,,,,,,,,,
P5010.jpg,xinc b,,,,,,,,,,,,,
P5046.jpg,xinc b,,,,,,,,,,,,,
P5254.jpg,xinc b,,,,,,,,,,,,,
P5274.jpg,xinc b,,,,,,,,,,,,,
P0293.jpg,Xinc B,,,,,,,,,,,,,
P1421.jpg,Xinc-B,,,,,,,,,,,,,
P3006.jpg,Xinc-B,,,,,,,,,,,,,
P0145.jpg,Xiva,,,,,,,,,,,,,
P0348.jpg,Xiva,,,,,,,,,,,,,
P0571.jpg,Xiva,,,,,,,,,,,,,
P2388.jpg,Xiva,,,,,,,,,,,,,
P2785.jpg,Xiva,,,,,,,,,,,,,
P2459.jpg,Xolpro,,,,,,,,,,,,,
P3197.jpg,Xone-B,,,,,,,,,,,,,
P2350.jpg,X-ray,,,,,,,,,,,,,
P2270.jpg,X-ray C/S,,,,,,,,,,,,,
P2121.jpg,Xrlpro,,,,,,,,,,,,,
P0142.jpg,Xyflo,,,,,,,,,,,,,
P0164.jpg,Xyflo,,,,,,,,,,,,,
P0310.jpg,Xyflo,,,,,,,,,,,,,
P0349.jpg,xyflo,,,,,,,,,,,,,
P0418.jpg,Xyflo,,,,,,,,,,,,,
P0458.jpg,xyflo,,,,,,,,,,,,,
P0572.jpg,Xyflo,,,,,,,,,,,,,
P2244.jpg,Xyflo,,,,,,,,,,,,,
P2745.jpg,Xyflo,,,,,,,,,,,,,
P5426.jpg,xyflo,,,,,,,,,,,,,
P2887.jpg,Xylin,,,,,,,,,,,,,
P2565.jpg,Xylio,,,,,,,,,,,,,
P0612.jpg,Xyril,,,,,,,,,,,,,
P0627.jpg,Xyril,,,,,,,,,,,,,
P0702.jpg,Xyril,,,,,,,,,,,,,
P0962.jpg,Xyril,,,,,,,,,,,,,
P1034.jpg,Xyril,,,,,,,,,,,,,
P1705.jpg,xyril,,,,,,,,,,,,,
P1774.jpg,xyril,,,,,,,,,,,,,
P1887.jpg,xyril,,,,,,,,,,,,,
P1959.jpg,xyril,,,,,,,,,,,,,
P2012.jpg,xyril,,,,,,,,,,,,,
P2040.jpg,xyril,,,,,,,,,,,,,
P2510.jpg,Xyril,,,,,,,,,,,,,
P1260.jpg,xyrl 10,,,,,,,,,,,,,
P2746.jpg,Yonocab,,,,,,,,,,,,,
P2497.jpg,Zenup,,,,,,,,,,,,,
P1679.jpg,zerup,,,,,,,,,,,,,
P2240.jpg,Zesup,,,,,,,,,,,,,
P2885.jpg,Zesup,,,,,,,,,,,,,
P2928.jpg,Zesup,,,,,,,,,,,,,
P2983.jpg,Zesup,,,,,,,,,,,,,
P3034.jpg,Zesup,,,,,,,,,,,,,
P3087.jpg,Zesup,,,,,,,,,,,,,
P4683.jpg,zif-ci,,,,,,,,,,,,,
P0023.jpg,Zimax,,,,,,,,,,,,,
P0606.jpg,Zimax,,,,,,,,,,,,,
P0749.jpg,Zimax,,,,,,,,,,,,,
P0778.jpg,Zimax,,,,,,,,,,,,,
P0865.jpg,zimax,,,,,,,,,,,,,
P0882.jpg,zimax,,,,,,,,,,,,,
P1097.jpg,Zimax,,,,,,,,,,,,,
P1106.jpg,Zimax,,,,,,,,,,,,,
P1661.jpg,zimax,,,,,,,,,,,,,
P2255.jpg,Zimax,,,,,,,,,,,,,
P2307.jpg,Zimax,,,,,,,,,,,,,
P2326.jpg,Zimax,,,,,,,,,,,,,
P2901.jpg,Zimax,,,,,,,,,,,,,
P2976.jpg,Zimax,,,,,,,,,,,,,
P4692.jpg,zimax,,,,,,,,,,,,,
P2777.jpg,Zinax,,,,,,,,,,,,,
P4552.jpg,zinc b,,,,,,,,,,,,,
P1537.jpg,Zit A,,,,,,,,,,,,,
P0995.jpg,zithrox,,,,,,,,,,,,,
P1067.jpg,zithrox,,,,,,,,,,,,,
P0196.jpg,Zo.mups 20,,,,,,,,,,,,,
P0205.jpg,Zo.mups 20,,,,,,,,,,,,,
P0214.jpg,Zo.mups 20,,,,,,,,,,,,,
P0230.jpg,Zo.mups 20,,,,,,,,,,,,,
P0236.jpg,Zo.mups 20,,,,,,,,,,,,,
P0242.jpg,Zo.mups 20,,,,,,,,,,,,,
P0434.jpg,Zo.mups 20,,,,,,,,,,,,,
P2124.jpg,Zodep,,,,,,,,,,,,,
P0212.jpg,Zolfin,,,,,,,,,,,,,
P0239.jpg,Zolfin,,,,,,,,,,,,,
P2122.jpg,Zolfin,,,,,,,,,,,,,
P1533.jpg,Zolhivm 5,,,,,,,,,,,,,
P0303.jpg,Zolivox,,,,,,,,,,,,,
P1856.jpg,Zollium  ,,,,,,,,,,,,,
P1875.jpg,Zollium  ,,,,,,,,,,,,,
P1672.jpg,Zollium  ,,,,,,,,,,,,,
P1610.jpg,Zollium 0.5,,,,,,,,,,,,,
P2379.jpg,Zo-mups,,,,,,,,,,,,,
P2389.jpg,Zo-mups,,,,,,,,,,,,,
P2397.jpg,Zo-mups,,,,,,,,,,,,,
P0980.jpg,Zovia,,,,,,,,,,,,,
P2007.jpg,Zovic Gold,,,,,,,,,,,,,
P2011.jpg,Zovic Gold,,,,,,,,,,,,,
P1927.jpg,Zox,,,,,,,,,,,,,
P2347.jpg,Zymat Pro,,,,,,,,,,,,,
P1090.jpg,Zymef,,,,,,,,,,,,,
P1928.jpg,Zymef,,,,,,,,,,,,,
P1831.jpg,Zymef  ,,,,,,,,,,,,,
P1779.jpg,Zymef Pro,,,,,,,,,,,,,
P1968.jpg,Zymef Pro,,,,,,,,,,,,,
P2026.jpg,Zymef Pro,,,,,,,,,,,,,
P1882.jpg,Zymef-Pro,,,,,,,,,,,,,
P1009.jpg,Zymet,,,,,,,,,,,,,
P1042.jpg,Zymet,,,,,,,,,,,,,
P1199.jpg,Zymet ,,,,,,,,,,,,,
P0981.jpg,Zymet Pro,,,,,,,,,,,,,
P1163.jpg,Zymet Pro,,,,,,,,,,,,,
P1281.jpg,Zymet Pro,,,,,,,,,,,,,
P1273.jpg,Zymetpro,,,,,,,,,,,,,
P0956.jpg,?icrogent,,,,,,,,,,,,,
P0284.jpg,??r??,,,,,,,,,,,,,
P0285.jpg,??r??,,,,,,,,,,,,,
P0045.jpg,???,,,,,,,,,,,,,
